,PlayerID,Player,Position,Team,Age,ATOI,Gper1kChunk,A1per1kChunk,A2per1kChunk
0,8475625,Matt Irwin,D,WSH,28,74.95157148205877,2.979529776224276,2.8701754314143484,2.8941987200481134
1,8470378,Andre Benoit,D,STL,31,45.23980090563266,1.136297947022973,2.1806830894656297,2.350542952374714
2,8470222,James Wisniewski,D,CAR,31,33.821812497393196,2.70159748705422,3.8781795327256363,4.11937156537684
3,8474578,Erik Karlsson,D,PIT,25,29.063817456098146,3.367121461891854,7.36557819788843,6.523797832415467
4,8470600,Ryan Suter,D,DAL,30,28.58908956380073,1.7060358125350739,4.478344007904569,4.691598484471453
5,8474563,Drew Doughty,D,LAK,26,28.023022676962796,3.0468341941848553,3.9173582496662425,4.13498926353659
6,8471724,Kris Letang,D,PIT,28,27.018267338450034,4.135821330755258,5.956330436821533,7.048222289434719
7,8474056,P.K. Subban,D,NJD,26,26.4108783579725,1.9512491110694958,6.057087600040066,6.198292786819743
8,8474565,Alex Pietrangelo,D,VGK,25,26.37000038584343,1.8689352174294929,4.932863067203283,3.0350093485591567
9,8470613,Brent Burns,D,CAR,30,25.992003721115857,6.365372374283896,5.893863309522126,5.422354244760356
10,8474600,Roman Josi,D,NSH,25,25.473698324602697,3.3862601592649755,7.943864620315432,3.3952887074125955
11,8477499,Rasmus Ristolainen,D,PHI,21,25.468562481965648,2.1707495517803816,3.6179159196339694,4.1003047089184985
12,8470642,Shea Weber,D,MTL,30,25.348900793991138,4.9857919535324795,4.234273658236864,3.5449443953330517
13,8474673,TJ Brodie,D,TOR,25,25.306217599252108,1.729591516520426,4.4075719168192435,6.098416801380482
14,8470834,Dustin Byfuglien,D,WPG,30,25.290843970532023,4.66085087971669,4.893200264761589,3.4410544385121504
15,8470281,Duncan Keith,D,EDM,32,25.2407220906786,2.547562925669436,4.481388811608327,5.441389670057016
16,8467400,Francois Beauchemin,D,ANA,35,25.153365968108286,1.9450049840752714,1.4587537380564535,4.862512460188179
17,8470966,Mark Giordano,D,TOR,32,24.79372262032291,5.164738770792088,4.180979004926928,4.426918946393219
18,8471702,Matt Niskanen,D,PHI,29,24.774462842424015,1.2362467548522684,2.9669922116454446,3.7087402645568055
19,8475171,Oliver Ekman-Larsson,D,FLA,24,24.77367778616345,5.52764477946271,4.232163496841589,4.731432317303093
20,8471303,Alexander Edler,D,LAK,29,24.507521352788185,2.4342194489459335,1.7553942704644456,3.909672851085535
21,8471677,Jack Johnson,D,COL,28,24.1906069930932,2.0437289066144375,1.5461909827519367,2.2611242578527357
22,8465009,Zdeno Chara,D,NYI,38,24.10742635768942,2.336216164277168,3.839290941734505,3.3395979248314633
23,8475753,Justin Faulk,D,STL,23,24.06928592357972,4.760359265219539,3.4250063162367597,3.8376916648061767
24,8474612,Travis Hamonic,D,OTT,25,23.907250304052628,1.517371558399001,1.6579738272227642,3.2304155724135875
25,8471274,Alex Goligoski,D,MIN,30,23.84361354291993,1.279339519650677,3.5821506550218953,4.605622270742437
26,8467496,Andrei Markov,D,MTL,37,23.792753684432398,1.2790776997066866,5.883757418650758,4.093048639061397
27,8474590,John Carlson,D,WSH,25,23.758758352401777,3.02703025253432,5.835856409435606,5.019787470953462
28,8474584,Michael Del Zotto,D,OTT,25,23.55626302478666,1.8901633894284555,2.427098369960474,2.558202405254045
29,8473446,Erik Johnson,D,BUF,27,23.448923638138194,3.1870711223520556,2.6452304681740686,2.124048083157212
30,8476853,Morgan Rielly,D,TOR,21,23.380401849418213,2.362680154361729,2.1001601372104255,4.987880325874761
31,8475197,Tyson Barrie,D,NSH,24,23.309773257802544,3.5798245245339912,5.520408507132322,4.4867335473365975
32,8475233,David Savard,D,MTL,25,23.24691467957697,1.3996811546211354,2.9731628456876615,3.776352458267638
33,8471709,Marc-Edouard Vlasic,D,SJS,28,23.205596522376126,2.4548135131096247,3.762158120133119,5.1533461604320685
34,8470151,Jay Bouwmeester,D,STL,32,23.129970582193547,0.933934435610055,2.0985110794584494,2.67431139945455
35,8474162,Jake Muzzin,D,TOR,26,23.12160608968739,2.1152829190904283,3.9661554732945534,4.494976203067161
36,8475167,Victor Hedman,D,TBL,25,23.10293505619095,2.7925752618696724,6.0777876849449175,4.190743666488382
37,8471729,Kris Russell,D,EDM,28,23.07170068618206,1.418407011423354,2.6576667556980356,3.0814727721247066
38,8472382,Andy Greene,D,NYI,33,22.935235669483436,1.0624734381640457,1.3280917977050575,1.0624734381640457
39,8476850,Ryan Murray,D,EDM,22,22.907404066348125,1.0675871640436831,2.1351743280873663,3.4696582831419707
40,8475764,Cam Fowler,D,ANA,24,22.8674073423987,1.6133804417184199,3.5237804524954615,3.9579232457659854
41,8470607,Brent Seabrook,D,CHI,30,22.851000174379564,3.7722709065145974,4.044891212107348,5.387267832917119
42,8471436,Matt Hunwick,D,BUF,30,22.77690175306893,0.8277610684870772,2.005234386638672,1.4247272129575028
43,8475181,Nick Leddy,D,STL,24,22.757107285007706,1.3822579613660315,5.172370369942986,4.3662352599532905
44,8475906,John Klingberg,D,TOR,23,22.733967999629808,2.8321161075163213,5.757765852002131,7.572372695277196
45,8474716,Jared Spurgeon,D,MIN,26,22.703232199307642,3.1181032338938186,2.330633831477472,2.869042785996
46,8476457,Adam Larsson,D,SEA,23,22.592445707554553,0.8125236986078761,1.6250473972157522,2.4375710958236283
47,8474628,Michael Stone,D,CGY,25,22.577741365248638,1.8302153636257064,4.262085889042688,4.268984574242147
48,8474574,Tyler Myers,D,VAN,25,22.576439242757726,2.660073118735898,2.1725222796109653,3.2811376498095135
49,8474031,Kevin Shattenkirk,D,BOS,26,22.456315416126362,4.1743032852576185,5.587429444269871,3.911866945486049
50,8471769,Niklas Hjalmarsson,D,ARI,28,22.419368510276286,0.5584064682106126,1.9344354073895247,4.119284671090323
51,8468493,Ron Hainsey,D,OTT,34,22.3738395889385,1.3787123854080496,1.6593106226220538,2.207868156006301
52,8474151,Ryan McDonagh,D,NSH,26,22.332050362558086,2.755310960958601,4.753720924992472,2.8635974173225582
53,8474567,Zach Bogosian,D,MIN,25,22.331586368430642,2.3677844872030422,2.162641003298147,3.635459690195314
54,8470602,Dion Phaneuf,D,LAK,30,22.305596757212278,1.3625509396260127,4.801411575977113,3.735017851050823
55,8466285,Brian Campbell,D,CHI,36,22.215502476356715,1.6422308794146658,3.2844617588293317,3.558166905398443
56,8477495,Seth Jones,D,CHI,21,22.19460794109301,0.8531570806284533,3.342787440631169,4.478779490935721
57,8471873,Anton Stralman,D,BOS,29,22.123660198344776,2.6838804400937564,3.027919307838528,4.461313357989837
58,8476885,Jacob Trouba,D,NYR,21,22.06713995410567,1.6899768297125113,2.5154474972014667,1.7097399737636678
59,8476854,Hampus Lindholm,D,BOS,21,22.058833814854605,2.8158413667191224,2.2894775065892605,2.8978351181286994
60,8476472,Oscar Klefbom,D,EDM,22,21.97391276468192,2.1121420885212334,2.562008563649779,3.9298094972085456
61,8474207,Nick Holden,D,OTT,28,21.972183325429295,1.6720543975030655,2.2294058633374205,2.2294058633374205
62,8468509,Niklas Kronwall,D,DET,34,21.922022285164807,1.1574472601042192,3.860108852294827,4.298977888772797
63,8477215,Danny DeKeyser,D,DET,25,21.85860206301427,2.2983154309604426,2.091086456493869,1.626337527570577
64,8468309,Mark Streit,D,MTL,38,21.856357711279134,2.136167381205338,2.7467725687377165,4.141933110320706
65,8475158,Ryan O'Reilly,C,NSH,24,21.854577099093113,6.728252401570943,8.334631166208702,4.321542822433991
66,8471284,Andrej Sekera,D,DAL,29,21.835947964247314,1.6966440355705246,3.668980990996005,3.116651836547703
67,8477851,Jordan Oesterle,D,CGY,23,21.815758078288994,0.8848918792678089,2.2528308065218656,2.077629509157605
68,8475690,Chris Tanev,D,CGY,26,21.810712356214534,1.290962279543177,2.0100626018316547,2.695470067005852
69,8476792,Torey Krug,D,STL,24,21.724344878562484,1.1710724578040201,7.423337958302456,4.037123987135148
70,8477932,Aaron Ekblad,D,FLA,19,21.715944107367154,4.355750352202675,2.3088698918568946,3.8780321135775373
71,8473991,Karl Alzner,D,MTL,27,21.46021885764711,1.1410640422193694,2.282128084438739,2.567394094993581
72,8469465,Dan Hamhuis,D,NSH,33,21.397104795444655,1.1675907216815262,2.62800490922207,2.16062010638524
73,8476166,Taylor Fedun,D,PIT,27,21.38802574499912,4.503956376052484,2.7912566263439373,5.137455155209797
74,8473507,Jeff Petry,D,DET,28,21.384735571726733,2.1580010412330077,2.3836850327349786,2.5985739663925997
75,8470187,Johnny Boychuk,D,NYI,31,21.37246808559384,2.904531691828095,2.6734940462686967,2.736529185492121
76,8475222,Sami Vatanen,D,DAL,24,21.355349811130274,3.076719005429287,4.132680792865732,5.258563465131552
77,8474166,Alec Martinez,D,VGK,28,21.22538416495549,3.0289637677586043,3.867951819624748,2.4797355080840155
78,8475598,Ryan Stanton,D,WSH,26,21.18054599475033,1.1706844960770957,1.6809860395222176,3.417338603880347
79,8475169,Evander Kane,L,EDM,24,21.10411873100632,7.536761630101883,3.828986491184546,2.353235777191122
80,8475179,Dmitry Kulikov,D,FLA,25,21.046445988400365,0.45499494391978346,2.829481117864185,2.2973245498979624
81,8469598,Kevin Bieksa,D,ANA,34,21.009537936731743,1.392993552785506,2.3460343382434816,1.461950153242209
82,8471240,Jeff Schultz,D,LAK,29,21.00307454609209,1.0563392958989957,1.167605071533017,1.6057724109510096
83,8475176,Ryan Ellis,D,PHI,24,21.002135186449273,3.031285100863637,3.9178486749766734,2.754088543416597
84,8474218,Jason Demers,D,EDM,27,20.977203728725858,2.480732351661086,3.614608333049016,2.7971145366321197
85,8471685,Anze Kopitar,C,LAK,28,20.929612851814554,7.375963374810942,7.114872375077471,7.375085953734238
86,8470699,Jan Hejda,D,COL,37,20.886262365807283,1.070784568786621,1.5995752811431885,2.0213005542755127
87,8470828,Toby Enstrom,D,WPG,31,20.773856195391602,0.7704628940423275,1.803115970211287,3.0447714598731053
88,8474618,Marco Scandella,D,STL,25,20.71025413144606,1.7984203248671795,2.271413023148491,3.030323995006679
89,8475177,Calvin de Haan,D,TBL,24,20.70524735075823,0.7451846761478547,2.299819542108286,2.512542529771741
90,8476473,Connor Murphy,D,CHI,22,20.655886193417064,1.8458111849597034,1.2550699756946802,2.263694292960314
91,8468542,Paul Martin,D,SJS,34,20.655409194698773,0.9347536098494681,2.18591368097472,3.092065086152468
92,8474581,Jake Gardiner,D,CAR,25,20.630341906281792,2.1345808419377317,3.370687812555892,3.9957370048884076
93,8470760,Marc Methot,D,DAL,30,20.62260569965762,1.6455786074804746,1.2076410067806982,1.5712379699216759
94,8473512,Claude Giroux,R,OTT,27,20.564673047752827,6.888624336686081,7.849232257365723,6.231709100741509
95,8474027,Justin Braun,D,PHI,28,20.562796887421637,1.2124486695585257,3.323286189306546,2.4452103927133617
96,8471296,Alexei Emelin,D,NSH,29,20.54193718383187,0.13058348399836842,1.1428419407024695,3.0126249927457027
97,8464956,Chris Phillips,D,OTT,37,20.524683336091307,1.070784568786621,1.4362740516662598,1.7840187549591064
98,8471675,Sidney Crosby,C,PIT,28,20.4911050606732,10.944766453759785,8.603190445649416,6.431059302601499
99,8470630,Kevin Klein,D,NYR,31,20.474480852857706,2.9707533915429405,1.567085609939097,4.296574957697313
100,8470324,Josh Gorges,D,BUF,31,20.436097180314228,0.6611887204403412,0.6798164512518556,2.492263027303044
101,8474141,Patrick Kane,R,DET,27,20.436093160089673,13.748717284528983,12.254291492732353,5.6788180088271885
102,8469770,Dennis Wideman,D,CGY,32,20.40540546328036,1.5977155642371843,3.798622286834564,4.43434013836762
103,8470257,Alexander Steen,L,STL,31,20.40115625998101,6.537201606517378,7.2664930777906385,5.359278874868879
104,8469665,Johnny Oduya,D,PHI,34,20.387146714651845,1.1969239055627037,2.6930787875160833,2.3938478111254073
105,8471276,David Krejci,C,BOS,29,20.371706345498453,5.722511230607825,9.349399298055495,6.042044952063681
106,8468639,John-Michael Liles,D,BOS,35,20.336287247946554,1.8186436952973801,2.4359814388475494,2.1435471001614275
107,8471214,Alex Ovechkin,L,WSH,30,20.318870349642783,15.531056238527665,2.014155349399806,4.63144156384714
108,8475218,Mattias Ekholm,D,EDM,25,20.31755239765448,2.4099047083512755,3.614857062526913,4.518571328158641
109,8476463,Jonas Brodin,D,MIN,22,20.30291190069168,0.8404263177453623,1.2482945740095908,1.0335603784654803
110,8477498,Darnell Nurse,D,EDM,20,20.27621783851598,1.0737342098785443,1.1023186014841075,1.4112608634254573
111,8475913,Mark Stone,R,VGK,23,20.257110515063907,7.582397474733618,6.903285691195016,5.649190130145776
112,8474594,Slava Voynov,D,LAK,25,20.23231263629505,1.42555832862854,3.686467170715332,4.11605978012085
113,8471958,Dan Girardi,D,TBL,31,20.222996404320867,0.7045991407123479,1.998808629903693,2.948802101587866
114,8475790,Erik Gudbranson,D,CBJ,23,20.2191911959975,0.9761802376886042,1.2615634831160056,1.7847325650888397
115,8476906,Shayne Gostisbehere,D,DET,22,20.135087169064168,5.538983089930278,4.522869704216233,4.840562682742387
116,8473584,Andrew MacDonald,D,PHI,29,20.071250960612506,1.0098562351913074,2.888053475769598,2.1984758657851042
117,8477845,Trevor van Riemsdyk,D,WSH,24,20.05106909800221,0.9153783563872882,2.135882831570339,1.220504475183051
118,8473994,Jamie Benn,L,DAL,26,20.04988217633066,12.486295529297113,7.918138628334754,6.699963454744792
119,8468598,Lubomir Visnovsky,D,NYI,39,20.027389494818408,1.9002933502197266,3.0406527519226074,3.59599232673645
120,8476346,Johnny Gaudreau,L,CBJ,22,20.01684392590293,9.688832739147536,9.61050022590407,5.382900474024365
121,8460626,Bryce Salvador,D,NJD,39,20.008039245939106,1.070784568786621,1.23848295211792,1.5274810791015625
122,8476874,Olli Maatta,D,DET,21,20.003681782185303,2.1628767473440753,2.686491523002294,2.522783665009138
123,8475166,John Tavares,C,TOR,25,19.98860662109605,10.584144841575906,9.882095869956528,2.100871700267463
124,8475186,John Moore,D,BOS,25,19.983856569816712,1.467022574669666,2.4214249412007867,2.755145916405171
125,8469459,Mikko Koivu,C,CBJ,32,19.952660145677775,5.2013747947497775,5.507338017970352,6.425227687632077
126,8475155,Simon Despres,D,ANA,24,19.939553310144248,1.026396780479245,2.1249774612655803,3.136579904792463
127,8467344,Robyn Regehr,D,LAK,35,19.925729442277397,1.070784568786621,1.23848295211792,1.621348261833191
128,8474641,Adam Henrique,C,ANA,25,19.923197752810278,9.386597588524706,2.2604878561335164,4.07161296281655
129,8470638,Patrice Bergeron,C,BOS,30,19.914231713299866,10.036016437773727,5.0887968931251155,6.249947964599307
130,8475462,Radko Gudas,D,ANA,25,19.9099207458344,1.724957479568263,1.6924329519952588,1.4002400610468162
131,8471233,Travis Zajac,C,NYI,30,19.893287830096753,4.734611226217614,4.673361656068867,4.567671839710254
132,8471735,Keith Yandle,D,PHI,29,19.85237403269943,1.527292720922923,7.331005060430032,5.4982537953225235
133,8465185,Willie Mitchell,D,FLA,38,19.834576070893043,0.7761206226334774,0.8497443031203891,2.6020269949772725
134,8470794,Joe Pavelski,C,DAL,31,19.81840231078267,11.693027263216196,7.385069850452336,4.923379900301557
135,8471218,Blake Wheeler,R,NYR,29,19.804407099819755,8.015702555775766,11.406961329373205,4.624443782178326
136,8470724,Kyle Quincey,D,MIN,30,19.790520473685948,1.7638277822142525,0.7603859029165129,2.9929819633123786
137,8474564,Steven Stamkos,C,TBL,25,19.786296865567053,11.932609341890192,5.615320310991599,3.644220493511854
138,8471242,Mike Green,D,EDM,30,19.77974015145844,2.5083361525791212,4.215838734853352,5.37443078845082
139,8474068,Kyle Turris,C,EDM,26,19.76566857974138,6.282339411256613,5.180695476056226,3.4912372214313248
140,8476462,Dougie Hamilton,D,NJD,22,19.760989888559994,3.7016091717648716,3.393141740784466,6.16934861960812
141,8468498,Brooks Orpik,D,WSH,35,19.67245417605972,1.4587722655153237,1.3617010272884342,2.7059916052579815
142,8467514,Pavel Datsyuk,C,DET,37,19.668748455452068,6.514087062821757,6.367766533721385,6.414698140100465
143,8471686,Marc Staal,D,PHI,28,19.64065764142834,0.698597422992503,1.7068451074788196,2.6880798942643382
144,8473412,Bryan Little,C,WPG,28,19.595312862244423,7.308739059264003,6.359931188636886,4.716710452719941
145,8477493,Aleksander Barkov,C,FLA,20,19.553393147054,9.67839137997353,6.771942713871327,4.671534312698803
146,8470626,Loui Eriksson,L,ARI,30,19.538018240868325,9.389671361502348,5.633802816901409,4.694835680751174
147,8470616,Ryan Kesler,C,ANA,31,19.530690068949898,6.80548497327424,6.114802156320711,4.191014671040016
148,8470612,Ryan Getzlaf,C,ANA,30,19.489254720670186,4.512163655016295,9.945984737633335,6.605888833180762
149,8475794,Tyler Seguin,C,DAL,23,19.475193249046992,11.80850819051804,9.336296111957473,5.044007992257733
150,8468083,Henrik Zetterberg,C,DET,35,19.417533680837746,4.083812395941319,6.596927716520592,5.026230641158546
151,8471215,Evgeni Malkin,C,PIT,29,19.399902119639638,11.305140124104316,9.541460753887446,5.1007737466566185
152,8476879,Cody Ceci,D,EDM,22,19.34208304210414,3.2978187994848405,2.687218736370055,2.88922883875839
153,8469500,Michael Cammalleri,L,EDM,33,19.34194091499212,8.3550875141878,7.840700769282242,3.19296403934422
154,8470610,Zach Parise,L,COL,31,19.300053698000184,9.473889198804233,5.29351579848643,5.026146714244517
155,8469619,Dennis Seidenberg,D,NYI,34,19.272722918208366,0.5885724277527495,2.300110815508859,2.147346866088257
156,8475869,Brandon Davidson,D,BUF,24,19.264349941624225,1.7415684432566163,1.105681380123118,2.0843233008270214
157,8470655,David Backes,R,ANA,31,19.25811897094454,6.905915246219444,5.614504188276418,2.371080897835304
158,8473604,Jonathan Toews,C,CHI,27,19.235173316664117,9.086438177903078,5.573048764559891,4.240691456128442
159,8471669,Paul Stastny,C,CAR,30,19.228759112398084,4.6664140383860495,7.792917399769401,6.99909827714023
160,8475791,Taylor Hall,L,CHI,24,19.22542380372339,8.255278615653278,9.207810763613272,3.1751071598666454
161,8477497,Sean Monahan,C,WPG,21,19.207609859676477,8.672959601205406,8.004263673016824,3.560618190880731
162,8476931,Jake McCabe,D,TOR,22,19.157147220789483,1.3409883111624188,2.353226261824413,1.046076503334683
163,8476887,Filip Forsberg,L,NSH,21,19.147902460744703,10.561239185397527,4.480525715017133,5.44063836823509
164,8473563,Nicklas Backstrom,C,WSH,28,19.147729035089533,6.788947863850112,10.039072091804206,7.286976227516023
165,8471392,Roman Polak,D,DAL,29,19.14003927977186,0.3676763905987319,2.5982149798717393,2.2908958546291176
166,8471707,James Neal,L,STL,28,19.11743628904058,9.911436518847715,6.074751414777632,2.5577900693800557
167,8476191,Kevan Miller,D,BOS,28,19.101901006040524,1.743322196734757,2.0857543941952903,2.554236089888223
168,8476454,Ryan Nugent-Hopkins,C,EDM,22,19.02144126660771,5.975049723430195,7.142222014596321,3.805454900660786
169,8466139,Patrick Marleau,C,SJS,36,19.00318438759796,8.011108737449435,4.165776543473705,3.2044434949797735
170,8474134,Yannick Weber,D,PIT,27,18.987404749570715,1.4485900053163854,3.2628385171697802,1.976778888471395
171,8471698,T.J. Oshie,R,WSH,29,18.9816156835451,8.51772136541922,3.719208707065195,4.617546490316215
172,8476455,Gabriel Landeskog,L,COL,23,18.971655967674828,7.099860911967868,6.381294179722371,5.251189922078046
173,8477492,Nathan MacKinnon,C,COL,20,18.969439459849454,7.587302657537982,5.657383262964116,5.859515517163292
174,8475188,Brayden McNabb,D,VGK,24,18.921089565375734,0.6624513294109288,1.9678321034308748,2.0043130012412758
175,8475208,Brian Dumoulin,D,SEA,24,18.920341988056215,0.039175045199510525,2.628471088518213,2.630930661100923
176,8471217,Andrew Ladd,L,ARI,30,18.87370217225128,8.418004393024304,3.2426784274970504,4.082391661866879
177,8473933,Ben Lovejoy,D,DAL,31,18.86221850028079,1.5142750001725604,0.7586982618065501,2.159852275784965
178,8476312,Josh Manson,D,COL,24,18.81458931517073,1.7666814098997106,1.1387352713433283,2.5490697134121625
179,8471273,Brandon Dubinsky,C,CBJ,29,18.792821885313064,6.009974091215692,7.811529272548599,3.372842551571322
180,8475191,Reilly Smith,R,PIT,24,18.76839100833267,8.190813183932901,5.569752965074373,2.621060218858528
181,8473673,David Schlemko,D,MTL,28,18.747876180304523,2.1684051539657894,3.581572309227226,1.3540888249783178
182,8467096,Dan Boyle,D,NYR,39,18.74660027081342,3.4970033242580403,2.4942679602240965,2.5155158007332785
183,8475765,Vladimir Tarasenko,R,OTT,24,18.71717262940755,13.366070113817532,5.416719801947613,6.005169735723444
184,8473419,Brad Marchand,L,BOS,27,18.692843046497348,12.631636107567331,5.2844233392327205,3.1603537801193267
185,8474749,Matt Bartkowski,D,MIN,27,18.66565443916154,1.9910470563928895,1.69667524218314,2.351458903850052
186,8475902,Zach Trotman,D,PIT,25,18.65005877660684,1.6175419227806669,1.4115186309369734,2.2871987863199217
187,8476461,Sean Couturier,C,PHI,23,18.647229157065514,4.7244533221401,6.40575879971562,4.7197475841451535
188,8474161,Jakub Voracek,R,CBJ,26,18.620107946924282,4.50786281631787,9.903867822750795,6.289852523078153
189,8475168,Matt Duchene,C,DAL,24,18.614857300255537,10.426211788908617,5.871451356945904,4.6435524811199
190,8476460,Mark Scheifele,C,WPG,22,18.595452426775896,10.242293485609038,7.253907335096978,4.732932423150681
191,8474571,Mikkel Boedker,L,OTT,26,18.575056381771542,5.751022098288472,7.048359447845637,4.375874717119564
192,8466378,Martin St. Louis,R,NYR,40,18.572345970215817,6.54751443862915,7.087262153625488,5.086050987243652
193,8470595,Eric Staal,C,FLA,31,18.544226947914915,4.170667472960398,5.16503436637732,3.2248813598053774
194,8475692,Mats Zuccarello,R,MIN,28,18.53858716304848,8.658041717285736,9.003709336992301,2.704385974011082
195,8458951,Sergei Gonchar,D,MTL,41,18.53178722554671,1.070784568786621,2.5638327598571777,3.3914427757263184
196,8474157,Max Pacioretty,L,WSH,27,18.521851320720547,9.873401057551174,7.569607477455901,3.620247054435431
197,8469521,Tomas Plekanec,C,MTL,33,18.51163368420827,4.606374344688513,6.909561517032769,6.251508039220124
198,8470318,Jonathan Ericsson,D,DET,31,18.493431817136557,1.1305945948928882,2.2237069281280615,2.2966968542336534
199,8471716,Justin Abdelkader,L,DET,28,18.487810004570697,6.2842463865581895,5.622746766920485,1.9844988589131125
200,8466142,Eric Brewer,D,TOR,36,18.468173203436066,1.070784568786621,1.6640799045562744,1.9739489555358887
201,8470604,Jeff Carter,C,PIT,30,18.414179704064622,8.565997340647835,6.941938774879443,6.1764651971820435
202,8474520,Jason Garrison,D,EDM,31,18.406878061654304,1.9038927953285762,1.3764892851936446,1.415973291796234
203,8476453,Nikita Kucherov,R,TBL,22,18.374831523045117,10.508313328333672,8.685713132598597,4.03706973984062
204,8469638,Jussi Jokinen,L,VAN,32,18.36945097778671,6.063888273694797,8.078259076671745,6.053482390138338
205,8473548,Phil Kessel,R,VGK,28,18.36867720403722,8.62488389579352,7.297978681056055,3.6489893405280274
206,8467876,Henrik Sedin,C,VAN,35,18.360036345826725,4.061905060785661,10.719842762857454,5.253514237889277
207,8466138,Joe Thornton,C,FLA,36,18.358696736668804,6.309287935977192,11.290304727538134,9.62996579701782
208,8475172,Nazem Kadri,C,CGY,25,18.3271171082718,6.233367759147656,7.2028144610131735,2.9812618946645344
209,8467875,Daniel Sedin,L,VAN,35,18.323520662035225,9.312432096849086,6.651737212035063,4.323629187822791
210,8470110,Trevor Daley,D,DET,32,18.318010320284397,1.983886433523316,2.9758296502849735,4.298420605967184
211,8473533,Jordan Staal,C,CAR,27,18.307668589344956,6.663779029087395,6.663779029087395,2.665511611634958
212,8474602,Justin Schultz,D,SEA,25,18.240526985847453,1.9498521438346348,2.8180908618734657,3.512833042820041
213,8476456,Jonathan Huberdeau,C,CGY,22,18.237913455469453,7.1824786249889865,7.606233670011875,6.413365553096703
214,8474091,Brandon Sutter,C,VAN,26,18.2365861660256,6.402178362266598,2.4804243285481524,2.8463568331848608
215,8470047,Valtteri Filppula,C,DET,31,18.233293374532686,3.0074908478170785,4.400856401380664,3.952758618045228
216,8477496,Elias Lindholm,C,VAN,21,18.21259494984356,3.703371190016692,5.0500516227500345,4.376711406383364
217,8476852,Griffin Reinhart,D,EDM,21,18.193728186235408,0.692960509439794,0.8026483713126764,1.5618959692568208
218,8477934,Leon Draisaitl,C,EDM,20,18.18528052780877,6.756165787899458,5.661757637167619,5.721871509137447
219,8473449,Kyle Okposo,R,BUF,27,18.18242101999639,7.645819715714602,7.991304929805511,6.554504324741105
220,8477220,Nate Schmidt,D,WPG,24,18.166041060459182,0.8497647406568913,2.8986941938317146,2.3729899920947837
221,8475798,Mikael Granlund,C,SJS,23,18.160485539154855,4.374747610714767,8.412976174451474,2.019114281868354
222,8473573,Artem Anisimov,C,OTT,27,18.155565862764846,7.128494800653199,3.3534897262283767,4.58600110066789
223,8476923,Damon Severson,D,CBJ,21,18.11911602666609,0.5518335783536853,3.8151340719865723,3.4283004602196847
224,8470740,Lee Stempniak,R,BOS,32,18.092208623819115,6.456509180703113,5.097244090028774,5.7768766353659435
225,8471262,Carl Soderberg,C,COL,30,18.086555514627996,4.061646772119143,9.138705237268072,4.061646772119143
226,8471717,Adam McQuaid,D,CBJ,29,18.056949277677187,0.5730505908890224,1.3437450363862073,2.112272414006716
227,8477244,Chad Ruhwedel,D,PIT,25,18.036224060616952,1.0577262203867843,2.1217224510704598,2.213917720608595
228,8473468,Eric Gryba,D,NJD,27,18.0102073484946,0.7196734263969242,1.3492412057997925,1.9384786449800464
229,8474589,Tyler Ennis,R,OTT,26,18.007279499488845,5.772904243027083,5.126962584309253,4.309884058595326
230,8476292,Ondrej Palat,L,NJD,24,17.97373098457979,7.00327480465816,7.684010090347352,4.365323010239236
231,8473463,Leo Komarov,R,NYI,28,17.952000137554197,7.0469397696604705,2.925007021003694,3.9433154106736508
232,8475151,Kyle Palmieri,C,NYI,24,17.95147720899198,10.2717447129045,5.478263846882401,3.76630639473165
233,8473544,Derick Brassard,C,OTT,28,17.932250718970238,9.363595160396276,6.310206429011882,4.546415724145082
234,8468513,Nick Schultz,D,PHI,33,17.92795633123778,0.35280986281074606,0.6946673270770876,2.401968322167884
235,8471226,Drew Stafford,R,NJD,30,17.915889608445124,7.4564785938142695,3.6491582342970026,2.538588081278321
236,8462196,Stephane Robidas,D,TOR,38,17.889224285879894,1.070784568786621,1.5738530158996582,2.114673376083374
237,8476389,Vincent Trocheck,C,NYR,22,17.877547698455054,8.932248279451853,6.1016206390534675,4.0847113353593425
238,8474715,Cam Atkinson,R,PHI,26,17.85741048283416,9.356065543610537,6.566975248592634,2.432490973702742
239,8476459,Mika Zibanejad,C,NYR,22,17.85481169156827,7.301223578420943,5.575579380039726,4.855586289019997
240,8474586,Jordan Eberle,R,SEA,25,17.824702625032767,9.780997391959168,5.273596960314606,4.133029300151081
241,8471691,Martin Hanzal,C,DAL,28,17.812660806744812,5.979815987283976,6.177747415044525,5.703140866176951
242,8471269,Nicklas Grossmann,D,CGY,30,17.797412153763204,1.341892753313798,1.1298878129113907,1.242854606250818
243,8470144,Frans Nielsen,C,DET,31,17.761641317310847,6.955806616855262,5.591232259882496,5.562605969119199
244,8474613,Derek Stepan,C,CAR,25,17.760642395493065,8.357728601070544,6.561189880277071,5.79973257538657
245,8471260,Blake Comeau,L,DAL,29,17.729316702927328,4.22759140499838,3.855678007708331,4.530149724428598
246,8467407,Brian Gionta,R,BOS,36,17.72413860362368,4.327084573672158,5.312005497793952,2.166581234011268
247,8470621,Corey Perry,R,EDM,30,17.69799145811731,11.7077202084436,7.575583664287035,2.0660682720782826
248,8474037,James van Riemsdyk,L,BOS,26,17.671011659022877,9.410939844133566,6.282567143491587,3.476049895719287
249,8474884,Mike Hoffman,C,SJS,26,17.668256561478405,10.458719475374657,6.813881007198165,4.043592771354749
250,8469544,Patrick Sharp,L,CHI,34,17.637230975700533,7.499452062164436,9.175860491234547,3.796585522244402
251,8474090,Brendan Smith,D,NJD,26,17.612202571091395,1.3664404182479806,2.568061037677513,2.714672193210722
252,8474568,Luke Schenn,D,NSH,26,17.5811825230785,1.580538354594811,1.3067844054584725,3.404510604178659
253,8475744,Evgeny Kuznetsov,C,WSH,23,17.57222474879819,7.002555932915515,15.055495255768356,4.90178915304086
254,8476470,Nathan Beaulieu,D,ANA,23,17.554451187091008,0.9336296445495347,3.433889474142129,3.8278946990758707
255,8462038,Shane Doan,R,ARI,39,17.53473863909471,10.412154204603409,4.666127879083897,2.7708670150774
256,8475793,Ryan Johansen,C,COL,23,17.52961405379203,5.050569376596552,8.844991285211051,7.411839463768878
257,8469492,Fedor Tyutin,D,COL,32,17.481997757657226,0.6208713737238758,1.2090184890714206,0.7105612173313048
258,8475726,Tyler Toffoli,R,NJD,23,17.440964150086888,10.918184059451272,5.635191772620011,3.8741943436762583
259,8471236,Andrej Meszaros,D,BUF,30,17.425876609955523,1.946520209312439,2.0318729877471924,2.7120838165283203
260,8470714,Corey Potter,D,NSH,31,17.425582107300205,1.0577262203867843,1.9031625579043132,2.2137384967106146
261,8475745,Charlie Coyle,C,BOS,23,17.42528959760134,7.398534385569334,3.875422773393461,3.5231116121758737
262,8467371,Mike Ribeiro,C,NSH,35,17.40814240864712,2.4972259549961646,6.73442564484513,8.455259554853944
263,8474605,Patrick Wiercioch,D,COL,25,17.36136430549645,0.9247434139251709,2.213362391325552,2.3948610758215
264,8474125,Carl Gunnarsson,D,STL,29,17.359132035497876,1.1831193156966175,0.9632171274605689,1.7688083761916664
265,8474066,Thomas Hickey,D,NYI,26,17.357314587637436,2.3891786659387786,3.0552000382277082,2.51049231729725
266,8476356,Tobias Rieder,L,BUF,22,17.346776047234396,4.932877629399951,4.932877629399951,3.1711356188999686
267,8474579,Luca Sbisa,D,NSH,25,17.33204227629548,1.2453603774362878,2.0071302399119846,2.3117904409846775
268,8474053,Logan Couture,C,SJS,26,17.320563752480556,8.872921846304521,6.206739221190398,5.568355761051465
269,8459670,Kimmo Timonen,D,CHI,40,17.31551208526475,1.070784568786621,1.8333687782287598,2.529980421066284
270,8474013,Ian Cole,D,VAN,26,17.312860687536325,0.24763706253796086,1.6790515956152419,3.3828029605994696
271,8477500,Bo Horvat,C,NYI,20,17.294812746206325,5.69455813787949,4.626828487027085,3.915008719792149
272,8473473,Milan Lucic,L,BOS,27,17.282889466417682,7.151906442108434,8.927786471699854,3.588813894284086
273,8476465,Ryan Murphy,D,NJD,22,17.28047135585227,1.3448865878872753,3.5613093893450682,3.512938461045932
274,8474190,Wayne Simmonds,R,TOR,27,17.270148380554623,11.446986927368897,6.441432246414876,3.5882252668350465
275,8476438,Brandon Saad,L,STL,23,17.25272517027718,11.350073175288996,4.232401201624219,4.109695369863905
276,8475098,Tyler Bozak,C,STL,29,17.250800429530695,6.100869948211115,5.963072005235443,4.990443505162638
277,8471339,Ryan Callahan,R,TBL,30,17.22127897416078,4.399703749299296,4.4895340899490535,2.8918220141467796
278,8475768,Jaden Schwartz,C,SEA,23,17.209636763622516,7.562412415008092,7.292659800857871,4.218777167792153
279,8474660,David Warsofsky,D,COL,25,17.20264024136231,1.6745714632862765,1.0407579817423007,2.4088451528354207
280,8466148,Marian Hossa,R,CHI,36,17.202557701736744,6.505968308021546,6.31837514711428,3.122214786536326
281,8471676,Bobby Ryan,R,DET,28,17.184866509919118,7.901340357206051,8.257829827652298,3.9617285876425923
282,8474870,Tyler Johnson,C,CHI,25,17.152985693684904,6.281600698368338,7.883439960715805,2.6681987183400016
283,8467370,Mike Fisher,C,NSH,35,17.113894064452005,5.535164191930439,3.147846760588723,1.5184139888850585
284,8475164,Jakob Silfverberg,R,ANA,25,17.049081368211194,7.184424168402902,3.951433292621596,2.873769667361161
285,8476437,Victor Rask,C,SEA,22,17.034325884871635,7.639331828077117,3.6408860752587477,6.205503231847833
286,8448208,Jaromir Jagr,R,CGY,43,17.023059288189426,9.874798124703421,7.7067875141913635,6.5756509642061305
287,8477507,Nikita Zadorov,D,VAN,20,17.008170624584995,1.2157910044600324,1.6019474883486948,2.476711505796851
288,8475755,Alexander Petrovic,D,EDM,23,17.002254298569927,0.9281740564483223,3.4878859815818206,2.6279200076583717
289,8468208,Joel Ward,R,SJS,35,16.988589488159292,7.771470125748126,5.170672228109703,2.9877321822170666
290,8471426,Troy Brouwer,R,STL,30,16.977366336534526,6.458248618652224,3.5879158992512354,3.946707489176359
291,8475174,Jared Cowen,D,OTT,24,16.93918279983679,1.0288367620328578,1.5892528975418942,1.8483887645793187
292,8470041,Rick Nash,L,BOS,31,16.926859852925986,8.648905431565149,5.562088544544428,4.657339443178303
293,8475170,Brayden Schenn,C,STL,24,16.92264973221521,9.556511583813814,7.0135760530133915,5.152347860239912
294,8476856,Matt Dumba,D,ARI,21,16.91900202776972,3.6582171460434325,4.00403831333176,1.855746502263548
295,8477933,Sam Reinhart,C,FLA,20,16.89591434697315,8.369109283075922,4.762295338564393,2.239996631588144
296,8469760,Zbynek Michalek,D,ARI,33,16.88531472353807,0.8733677177038606,0.5875835075183121,1.6758559643964432
297,8476289,Alexey Marchenko,D,TOR,23,16.87288897329076,0.9356458584030027,2.052858693218945,1.7731045260756082
298,8474688,Greg Pateryn,D,ANA,25,16.853794190510257,0.9365135533911413,2.4848622771225264,1.0680534738723813
299,8473422,Nick Foligno,L,CHI,28,16.848606708491484,5.19837991577417,5.48471555204698,4.89464941632051
300,8471887,Patric Hornqvist,R,FLA,28,16.845769602199063,7.961783439490445,5.428488708743486,5.06658946149392
301,8477205,Andrej Sustr,D,ANA,25,16.838675074916384,1.513956336636491,1.8984709342934085,4.596704061934501
302,8473962,Teddy Purcell,L,LAK,30,16.8349125385247,5.426394453490188,5.927922079595873,5.3499667262793755
303,8473986,Alex Killorn,L,ANA,26,16.812175265819373,5.157635760441656,6.6000004237603,2.9500535342688434
304,8473415,Alex Biega,D,TOR,27,16.795800120032176,0.6918625889754877,1.5648019268630196,1.9463780660785899
305,8476419,Jean-Gabriel Pageau,C,NYI,23,16.792178902628965,6.936078560216113,5.475851494907458,3.2855108969444746
306,8475246,Kevin Connauton,D,PHI,25,16.78641756248402,2.3005660511509998,1.4914785484507513,4.183341804520591
307,8476443,Xavier Ouellet,D,MTL,22,16.78430217552621,1.6832015732439551,1.5383542260655714,1.4063559857810415
308,8470543,Chris Kunitz,L,CHI,36,16.779465522629856,6.358509082919167,5.5848949819323925,2.998342105754628
309,8475750,Jon Merrill,D,MIN,23,16.765366080566015,0.8179203410564869,1.719634055541633,1.9308694478079058
310,8475716,Martin Marincin,D,TOR,23,16.756995591214313,0.5856079442785421,1.4263833813764395,1.5936917526179393
311,8471742,Cody Franson,D,CHI,28,16.706999053101665,2.0040849250945802,3.6844113610798543,3.945430976398891
312,8470104,Tom Gilbert,D,LAK,32,16.702083140643946,0.8447378821439209,1.2096858292041104,1.072570876377385
313,8471816,Mark Fayne,D,EDM,28,16.683365813474865,0.9104187475369075,0.9959865984290444,1.3932595196866178
314,8468508,Justin Williams,R,CAR,34,16.682765575307364,8.055460625885077,5.492359517648915,5.492359517648915
315,8470601,Braydon Coburn,D,NYI,30,16.671068243424997,0.3901003891169879,1.5029852453434756,1.8717843532990392
316,8475149,Marcus Johansson,L,MIN,25,16.66457095548174,6.76820035384856,7.2711909213770545,4.484756438066402
317,8475848,Brendan Gallagher,R,MTL,23,16.630787695113142,10.532154370636789,6.646851445360467,4.639609093165669
318,8470640,Matt Carle,D,NSH,31,16.63067923443527,1.0052419935917896,1.6530794219472704,2.152889764626325
319,8467332,Bryan Allen,D,MTL,35,16.608229647250628,1.070784568786621,1.6437873840332031,2.427955389022827
320,8473618,Mathieu Perreault,C,MTL,27,16.600744794419626,4.367101644315131,6.163251232532578,7.243147800043837
321,8466158,Scott Hannan,D,SJS,36,16.58920090422603,1.070784568786621,1.23848295211792,1.3755724430084229
322,8468535,Antoine Vermette,C,ANA,33,16.588804548599967,6.6113984234432435,4.294971396872373,3.851004172858444
323,8475455,Brenden Dillon,D,WPG,25,16.580497966530903,0.8549941110579868,1.9576619866339946,1.6096775999239632
324,8475430,Brandon Manning,D,EDM,25,16.556197127405234,0.7084473318916753,1.3635592471756102,2.406760217984033
325,8471498,Jannik Hansen,R,SJS,29,16.549454910507862,9.21514850666083,5.313625464445767,1.9695291037309386
326,8469455,Jason Spezza,C,TOR,32,16.49214834668357,12.823554562946555,7.360318035141544,4.967768761854711
327,8476432,Boone Jenner,C,CBJ,22,16.429324040027318,11.14785775333507,4.459143101334027,2.6011668091115157
328,8474150,Mikael Backlund,C,CGY,26,16.4123560010065,7.79423226812159,6.309616598003192,3.3403852577663953
329,8475194,Philip Samuelsson,D,ARI,24,16.368246870573408,1.0185511751872738,1.1901728467243473,1.3328444114545497
330,8473589,Chris Summers,D,NYR,27,16.36709101290355,1.0371466889614012,1.5804447924218525,1.5497535089167152
331,8475236,Cody Eakin,C,BUF,24,16.364424340196877,5.960437595460282,4.842855546311479,2.2351640982976058
332,8475784,Jeff Skinner,L,BUF,23,16.313213382633425,10.483096007687866,7.4879257197770475,1.123188857966557
333,8476851,Alex Galchenyuk,C,COL,21,16.302694680483345,11.250562528126125,6.0003000150006,3.7501875093753747
334,8469707,PA Parenteau,R,NSH,32,16.290010960362597,7.8876237635184125,4.099988916951371,4.356436959918234
335,8469506,Jason Pominville,R,BUF,33,16.28479112607886,4.689787884571462,4.250701431793514,5.933326361341601
336,8471482,Grant Clitsome,D,WPG,30,16.264871261538772,1.1799297332763672,2.673102378845215,3.2714896202087402
337,8475714,Calle Jarnkrok,C,TOR,24,16.25594443220623,6.095020608197562,2.3135922787368246,3.0849820331796325
338,8470614,Mark Stuart,D,WPG,31,16.24959275131243,0.607989780408669,0.3579698655663467,1.1760097530994797
339,8476483,Rickard Rakell,R,PIT,22,16.22280163131053,8.114997613219732,5.560023247869968,4.521402774537008
340,8475213,Drew Shore,C,CAR,24,16.216261753072107,5.068114676126619,4.295827206054014,2.6052716883217415
341,8469476,Tim Gleason,D,WSH,32,16.21523582361869,1.070784568786621,1.6791090965270996,1.9628791809082031
342,8470606,Dustin Brown,R,LAK,31,16.170743951383066,4.147135334849656,3.770123031681506,2.639086122177054
343,8474774,Dalton Prout,D,SJS,25,16.124470963722246,1.3661373755080368,1.9070401699900223,1.289725826249306
344,8465058,Michal Rozsival,D,CHI,37,16.119610734792946,0.7821224358192193,3.1549719439331407,3.5222202552085298
345,8470599,Milan Michalek,L,TOR,31,16.107968214862492,5.3359350258514,4.25019737124615,3.121015374766539
346,8474627,Jori Lehtera,C,PHI,28,16.09572799232962,3.512235059972988,4.2451548860675326,5.463663050156206
347,8471678,Benoit Pouliot,L,BUF,29,16.079671112128963,7.828465020555834,6.506849131763642,4.941819163700737
348,8476881,Tomas Hertl,C,SJS,22,16.050647798572722,8.106673053628855,4.624982908084871,5.024121038278573
349,8475829,John Ramage,D,CBJ,24,16.048115131903447,1.2746502539006674,1.8598836369630767,1.1117093534004396
350,8471385,Adam Pardy,D,NSH,31,16.018026864551448,0.7704425555903737,2.623557930402714,2.2835987920499674
351,8468085,Radim Vrbata,R,FLA,34,16.013810585297808,6.983340920522469,3.8096796773175696,3.9777391757884715
352,8469531,Jay Harrison,D,WPG,33,15.998170712415934,1.3854365348815918,1.9067208766937256,2.0155601501464844
353,8475184,Chris Kreider,L,NYR,24,15.99615981780249,8.300690750242037,5.1428188059239135,3.5824424030306368
354,8475223,Linden Vey,R,CGY,24,15.964292182803858,2.9134932268745306,4.436003838072375,3.6987163532859686
355,8476476,Joe Morrow,D,WPG,23,15.963861474536943,1.354767723708011,1.890211070236269,1.9341994972472472
356,8471976,David Desharnais,C,NYR,29,15.961518291513222,5.191413957157005,5.191509515232298,4.024610767861587
357,8477486,Emile Poirier,L,CGY,21,15.9458877671604,1.1403628093440359,3.074668791235947,3.345277832775581
358,8473492,Matt Beleskey,L,NYR,27,15.9298210928401,5.976134716027521,4.330467687983577,4.284867942442493
359,8475796,Mark Pysyk,D,BUF,23,15.916221616903236,1.3093419904016712,3.021339079441581,2.344730281390151
360,8477505,Alex Wennberg,C,SEA,21,15.90762635077936,3.396214439291149,9.10764317435808,4.019306625531777
361,8473914,Mark Letestu,C,WPG,30,15.850678182258969,3.863539775141985,2.7044778425993896,3.090831820113588
362,8474573,Josh Bailey,R,NYI,26,15.843948229479784,4.689651280306933,4.311607343269566,3.510934441849034
363,8475754,Brock Nelson,C,NYI,24,15.834137001499142,10.107697368713188,2.741174647051661,2.7630601060676705
364,8474009,Nick Bonino,C,NYR,27,15.818954043863206,4.940253552968619,6.022145746335363,3.9743290652683436
365,8474135,Brett Bellemore,D,CAR,27,15.799741138038009,1.070784568786621,2.9103362560272217,2.774322271347046
366,8462042,Jarome Iginla,R,LAK,38,15.76891869026905,8.457309806635143,6.150770768461922,3.4598085572598314
367,8473564,Michael Frolik,R,MTL,27,15.762648183739675,7.08820395022023,4.65457949090657,3.7949626307920283
368,8468478,Mike Weaver,D,MTL,37,15.75615834493274,1.070784568786621,1.7117321491241455,2.4356324672698975
369,8476403,Klas Dahlbeck,D,CAR,24,15.741651212519061,0.9189110554030859,0.9399096249265019,1.792465159697379
370,8474176,Carl Hagelin,L,WSH,27,15.73938637489671,5.611131809640102,5.939313452055205,3.9584049420146137
371,8475807,Joakim Nordstrom,C,CGY,23,15.739197317463686,4.271914677302511,3.488171392256639,2.626364017342639
372,8476458,Ryan Strome,C,ANA,22,15.70372814828322,3.877788076775868,4.999991399303859,4.273590929872059
373,8467338,Alex Tanguay,L,ARI,36,15.69961134949327,3.8430498916322526,6.759852186523783,4.9146400553681495
374,8475747,Patrik Nemeth,D,ARI,23,15.690711095140513,0.5744246215355105,1.8327584998620063,3.069693146558445
375,8471185,Curtis Glencross,L,WSH,33,15.686215029373429,6.695941925048828,4.913381099700928,3.4665746688842773
376,8475185,Jacob Josefson,C,BUF,24,15.678876232571032,2.597710723271674,1.9015126616892826,3.2744582586628423
377,8470201,Jiri Hudler,R,DAL,31,15.673258543734024,7.053583073993724,7.517943424424082,5.6873487688217095
378,8470755,Brad Richardson,R,VAN,30,15.659945414642024,4.293632413021305,4.683962632386878,3.1226417549245853
379,8467452,Rob Scuderi,D,LAK,37,15.642809313770462,0.24810861959690003,2.2153465138351605,2.319764278394185
380,8475722,Jason Zucker,L,ARI,23,15.629756826673136,6.389455361544298,3.129587440228731,1.3883729083819163
381,8468064,Martin Erat,R,ARI,34,15.623474239464235,3.055633068084717,5.454977512359619,4.215536117553711
382,8475799,Nino Niederreiter,R,WPG,23,15.610475306390036,7.845803802599371,5.099772471689591,3.9229019012996855
383,8470598,Thomas Vanek,L,DET,31,15.575105281810636,7.906234386055689,7.397587644933857,2.7895517638547784
384,8473534,Patrik Berglund,C,BUF,27,15.56818228687539,6.896250769811456,2.565774731219401,2.535413892807182
385,8476279,Jyrki Jokipakka,D,OTT,24,15.567574814080885,1.096845831387447,2.713313099992091,2.5640799031238957
386,8474818,Jordie Benn,D,TOR,28,15.558990155233056,1.412398217435599,2.9090183736324673,1.769782733407271
387,8468486,Scott Hartnell,L,NSH,33,15.530597471793488,9.298040830220108,6.0660636598228646,4.446805570867975
388,8475760,Nick Bjugstad,C,ARI,23,15.502546162602014,7.2668766377337635,6.249315973612924,2.6486397317081627
389,8476884,Derrick Pouliot,D,SJS,21,15.476812554528072,1.2794509457378853,1.853172579189975,3.7573274115972395
390,8474250,Zack Smith,C,CHI,27,15.465224235662276,9.945900511712154,2.8077104404646023,1.6068699848197654
391,8476882,Teuvo Teravainen,L,CAR,21,15.414037182737177,5.334586530040271,6.493833092573608,2.5401554719763584
392,8471346,Kris Versteeg,R,CGY,29,15.397098503739654,6.325900068573691,3.865893374687201,5.800250948828276
393,8471693,Jakub Kindl,D,FLA,28,15.382808419167723,2.133333094806866,2.017324202514936,3.0650874271406017
394,8473565,Brian Strait,D,WPG,27,15.355183329018773,0.8147720836542443,1.0614876438462595,2.4449776252172652
395,8471748,Mark Fraser,D,NJD,29,15.344343053467314,1.070784568786621,1.564683437347412,1.8348740339279175
396,8473426,Mike Weber,D,WSH,28,15.332980858006689,0.8770487545197393,1.832028695496645,1.2338686691282061
397,8470886,Clayton Stoner,D,ANA,30,15.291337903484486,0.8148351600538486,1.0669377560576834,2.315279174835726
398,8468674,Deryk Engelland,D,VGK,33,15.282800049858464,1.3832834720124556,1.069595572974139,3.186083138456916
399,8472394,Peter Harrold,D,NJD,32,15.278067205427442,1.2377376556396484,1.2732539176940918,1.5560282468795776
400,8474113,TJ Brennan,D,TOR,26,15.271319711826196,2.120099862864048,1.8330855340492436,2.0653905665002217
401,8474189,Lars Eller,C,PIT,26,15.267264583200081,5.4150467100201505,2.9840449959516033,2.5292533941170467
402,8475772,Riley Sheahan,C,BUF,24,15.246023556224623,5.674001281744303,2.046280099857633,2.4445311345780825
403,8470750,John Mitchell,C,COL,30,15.233006115691365,4.639601764571201,2.171340075519538,3.181534632677153
404,8469623,Marek Zidlicky,D,NYI,38,15.232958459531487,2.229785562206835,3.3036285742983127,3.5084811000791536
405,8476921,Jordan Martinook,L,CAR,23,15.228127113241172,3.6400687207905507,4.849730887113389,1.2275746123216102
406,8470039,Tomas Fleischmann,L,CHI,31,15.221611559354026,5.963389862130117,3.650936223219375,1.448747016881771
407,8474577,Joe Colborne,C,COL,25,15.190632526931498,8.057647610780705,6.459322803060295,4.431359023686723
408,8474661,Michal Jordan,D,CAR,25,15.190535678901181,1.1044754218619284,0.691059955736486,1.3393694191444212
409,8469485,Derek Roy,C,EDM,32,15.185120840229132,5.042028427124023,6.612511157989502,4.199214458465576
410,8469555,Christian Ehrhoff,D,CHI,33,15.184381381017594,1.5767253362108766,3.069295212515907,3.130044202505025
411,8475225,Craig Smith,C,DAL,26,15.182299399525487,8.432718949524153,5.621812633016102,0.8031160904308717
412,8475727,Ryan Spooner,C,VAN,23,15.179968332111823,5.361798837410632,11.815003701811078,2.952489761313945
413,8477935,Sam Bennett,C,FLA,19,15.177273568328747,7.428510636861571,5.2077547690053185,2.74752037701078
414,8476177,Matt Read,R,MIN,29,15.170245787062981,4.587389047975158,3.3535497757288475,2.914311456578956
415,8474597,Cody Goloubef,D,DET,26,15.157410208433244,0.9225886904251198,1.0441342916069876,4.059677571278033
416,8470358,Alexandre Burrows,R,OTT,34,15.151578158953122,3.8491045740860654,2.9424448101841314,2.4985305067845736
417,8469622,Ryane Clowe,L,NJD,33,15.148663472080582,3.4861087799072266,5.576857089996338,3.3640575408935547
418,8474659,Matt Donovan,D,NSH,25,15.138302064355775,1.2878413200378418,2.3765714168548584,2.6665186882019043
419,8474679,Gustav Nyquist,C,NSH,26,15.138243135367627,6.8329805193063375,6.8329805193063375,3.6174602749268843
420,8474685,Matt Calvert,L,COL,26,15.126833857937205,5.113126267376812,3.657351399996048,2.283673272128403
421,8474102,David Perron,L,DET,27,15.126411716922432,5.729962721874005,6.7327141378891735,4.0830131905797975
422,8476468,J.T. Miller,C,VAN,22,15.125202421306758,8.922415541225616,4.866772113395791,3.6500790850468428
423,8467917,Jordan Leopold,D,MIN,35,15.123297195480339,1.070784568786621,1.496079921722412,1.7701187133789062
424,8474000,Steven Kampfer,D,BOS,27,15.090974689206703,0.5641233921051025,0.5251500083179008,2.3318940624447135
425,8471794,Darren Helm,C,COL,28,15.061875448584667,5.629087389513158,3.013852116739987,2.624623004325296
426,8475855,Jesper Fast,R,CAR,24,15.038106381804207,4.194646603215352,4.149845120875168,4.202365712913392
427,8466393,Pascal Dupuis,R,PIT,36,15.009477050822762,6.9876100498776115,4.874079821099982,2.626544673268388
428,8474717,Mark Barberio,D,COL,25,14.964854827262329,1.7411364637623175,1.7223555868117977,4.236800909298278
429,8476878,Zemgus Girgensons,L,BUF,21,14.964290896388938,3.456260226687214,4.0299064744433855,1.3233592848283302
430,8460542,Patrik Elias,C,NJD,39,14.957091980029592,4.974507145635868,5.5126234320117184,4.132675217224911
431,8475182,David Rundblad,D,CHI,25,14.938319027805402,1.6713250482954631,2.4609683868361683,4.10703144021382
432,8476300,Nikita Nesterov,D,CGY,22,14.915247875910666,1.80167339554681,2.1753906233722278,1.7933024017406027
433,8474497,Michael Kostka,D,OTT,30,14.85928196049381,1.2190632224082947,1.9190385603323215,2.7660953714427907
434,8468483,Marian Gaborik,R,OTT,33,14.858284659489783,7.807830401372257,4.709374809386195,2.456996024579083
435,8475728,Johan Larsson,L,WSH,23,14.857511828323288,4.470979854056115,2.3537859920096578,1.1673917957832363
436,8476431,Adam Clendening,D,CBJ,23,14.83116023926583,1.1714031599846648,1.1955704025581935,3.3902535610370252
437,8467389,Brad Richards,C,DET,35,14.759970695087206,5.112961313378325,6.811980893452882,2.34474465586608
438,8467396,Erik Cole,L,DET,37,14.75560320087082,7.054664134979248,3.42444109916687,2.29776930809021
439,8477494,Jonathan Drouin,L,COL,20,14.734537291834412,3.4275790693900783,3.9927615255461806,4.674775679354035
440,8467545,Michael Ryder,R,NJD,35,14.730907072393629,6.336417198181152,4.612541198730469,3.488861083984375
441,8475180,Peter Holland,C,NYR,24,14.717259994458901,4.875151567275463,6.40341391043253,2.7135247269569036
442,8473560,Korbinian Holzer,D,NSH,27,14.711345536386165,0.6896123057458459,2.3727800891842152,1.150662997873818
443,8476381,Andrew Shaw,R,CHI,24,14.66066117575076,6.172296053891594,3.4776705637173895,5.120153628902024
444,8477850,Christian Folin,D,MTL,24,14.627818238884284,0.7781984747909919,3.845233643634497,3.9871307986518847
445,8475797,Jarred Tinordi,D,CHI,23,14.623360194247187,0.9402010847882527,2.4674656565596416,2.8464431064884836
446,8474697,Mark Borowiecki,D,NSH,26,14.615789750336381,0.6649793102788475,0.7516479455657834,0.6999428155945568
447,8475314,Anders Lee,L,NYI,25,14.603932855455094,6.641973157564898,5.597533006808255,3.4442544003288154
448,8473453,Trevor Lewis,C,LAK,28,14.598110874330825,3.7561224601937178,2.381197566050198,1.4513490683359946
449,8476822,Luke Glendening,C,TBL,26,14.596458043412618,3.381807715604874,2.5300629623655335,2.9673062544504423
450,8470207,Joffrey Lupul,L,TOR,32,14.568445581777361,8.371755468351754,3.11322277492548,1.7957234389845995
451,8475204,Brandon Pirri,C,CHI,24,14.550431070275467,8.381649374789468,4.791915478898904,2.8628372889992995
452,8476448,William Karlsson,C,VGK,22,14.517601803340968,3.8495342937256933,2.5493441337056075,2.1254344829335277
453,8476871,Tanner Pearson,L,MTL,23,14.514573798759933,6.559351324825856,5.998003374268853,3.067457527163794
454,8476302,Frank Corrado,D,PIT,22,14.50983452640528,1.4370951344867267,1.4931768784788972,2.0881028095562897
455,8473546,Michael Grabner,L,ARI,28,14.506617648198104,4.001309579530111,2.203677794348967,1.732533743739761
456,8474100,Dwight King,L,MTL,26,14.474303425726273,5.2715385856647545,2.716685611403351,2.2612808006141965
457,8475279,Ben Chiarot,D,DET,24,14.441431572499992,0.5782543284444046,1.103969005901975,3.2753832519749446
458,8471699,Andrew Cogliano,C,COL,28,14.436067653135712,3.8026026702720968,5.070136893696129,4.647625485888119
459,8469470,Carlo Colaiacovo,D,BUF,32,14.431362411225246,1.332403473687536,2.2784426036853627,1.8577375788963433
460,8477407,Anthony Duclair,L,SJS,20,14.431096211828768,8.513851040245756,5.544653270267626,4.7044764164167585
461,8475250,Andrej Nestrasil,C,CAR,24,14.418374081102794,5.166827483301445,4.612763750270334,3.2512254068889215
462,8474569,Colin Wilson,C,COL,26,14.407575476700133,4.002033390659039,5.621456687058527,4.2457462345802925
463,8473992,Justin Falk,D,OTT,27,14.384153069316397,1.024330842785719,2.6551579939088104,1.4771932741490805
464,8476452,Tyler Wotherspoon,D,CGY,22,14.378586684025764,0.9266223122433919,1.082091542278848,1.7309022531662221
465,8476423,Reid Boucher,C,VAN,22,14.369668912162593,5.9811555886567795,4.206193712067323,2.864128014562028
466,8477290,Michael Raffl,L,DAL,27,14.326634452494698,5.543473625858173,4.264210481429363,3.411368385143491
467,8475193,Tomas Tatar,L,SEA,25,14.31599554487094,9.041161569799328,4.3174912328949375,5.99853684111758
468,8473465,Jamie McGinn,L,FLA,27,14.294208117340066,9.21754326329336,3.331593560021268,3.7826008658716317
469,8475206,Stefan Elliott,D,OTT,24,14.254710272937915,6.195015289862152,2.587955402079409,1.5751907849414448
470,8471862,Colin Greening,C,TOR,29,14.251464818073456,5.730355315639532,3.931285488041162,2.461011461291498
471,8474096,Nick Spaling,C,SJS,27,14.24319102657792,2.5506594308003896,2.3761295643259586,3.760196829774456
472,8477413,Sven Andrighetto,R,COL,22,14.21211347767546,5.617584120023097,2.7077235699652116,2.7692021033611183
473,8475878,Freddie Hamilton,C,ARI,23,14.210892538121271,3.0983596625565246,1.7854287471426913,1.5625401299174237
474,8476855,Nail Yakupov,R,COL,22,14.204586242561195,5.454797384420081,4.086524472157418,4.813993281210727
475,8475795,Dylan McIlrath,D,WSH,23,14.195833341563375,1.4878884518028377,1.1639638176283267,1.1884137708471125
476,8466140,Olli Jokinen,C,STL,37,14.190015587931061,4.446262359619141,2.668161153793335,1.9316275119781494
477,8476480,Vladislav Namestnikov,C,WPG,23,14.17997608706487,6.15719345204983,4.809147171543281,4.385562741021092
478,8476779,Brad Hunt,D,COL,27,14.13288273772673,1.6724594846004395,1.6858734735628453,1.5916919562874772
479,8471362,Mikhail Grabovski,C,NYI,31,14.101019066585113,5.6757160498455175,4.333435494285851,4.82409984169926
480,8474291,Jay Beagle,C,ARI,30,14.098750034201544,4.869634855709651,3.206584901008442,2.4548442977449922
481,8471348,Nikita Nikitin,D,EDM,29,14.09870467584746,1.6191997091944625,1.8565172480373848,2.2832372781861854
482,8466251,Jason Chimera,L,ANA,36,14.078960745085912,8.679425422037061,6.075597795425942,2.603827626611118
483,8475274,Seth Helgeson,D,NJD,25,14.07078041553288,0.8219098187074428,1.3834262701137914,1.3966585252343156
484,8476392,Adam Lowry,C,WPG,22,14.061034667041158,3.373195595064654,2.7507642363686733,2.039219712924108
485,8473579,Nikolay Kulemin,L,NYI,29,14.034425460266059,3.961631573133497,3.52498443173212,2.2005849908765573
486,8477956,David Pastrnak,R,BOS,19,14.00999494449426,9.042758940623429,3.76890191002217,3.8507410449194657
487,8471245,Dave Bolland,C,FLA,29,13.974064842680713,4.377951036121488,3.5336931420180693,3.0969831885006207
488,8468482,Dany Heatley,L,ANA,34,13.968128831887496,4.297945022583008,2.601442337036133,1.659134864807129
489,8477501,Valeri Nichushkin,R,COL,20,13.960657985429526,4.058788283161356,4.485975510252777,4.459754583828424
490,8477508,Curtis Lazar,C,NJD,20,13.925003261226673,2.8864284866156513,4.52377711400913,1.9648927961216318
491,8476989,Petteri Lindbohm,D,FLA,22,13.91284216333503,1.4367111019971894,1.0809658213359554,1.450207349730701
492,8464989,Matt Cullen,C,PIT,39,13.88287745408324,7.028744636921616,4.832261937883611,2.196482699038005
493,8471232,Lauri Korpikoski,L,CBJ,29,13.882089950980944,4.947686059813082,3.578942495332716,2.525320148142803
494,8474849,Antoine Roussel,L,ARI,26,13.86578201525325,5.878921941819419,4.503698781403096,2.7028168016259237
495,8476440,Markus Granlund,C,EDM,22,13.855294945167808,5.230724633002599,3.1587847821892945,1.7225863584657994
496,8474625,Jimmy Hayes,R,NJD,26,13.821276976124889,6.371652685936669,2.6226645339869012,5.125563862669511
497,8477942,Kevin Fiala,L,LAK,19,13.819589751981377,3.6793751749343873,3.3938898952995857,2.1863168303559464
498,8475774,Petter Granberg,D,NSH,23,13.819309509536088,0.7185399459629525,1.7244369530841501,0.8794307272608688
499,8475148,Tim Erixon,D,TOR,24,13.79878487364781,1.1644618511199951,1.2843483686447144,2.1644628047943115
500,8474038,Paul Byron,L,MTL,26,13.7622472809905,5.739740206643899,4.186596757129176,1.3405055151890652
501,8475199,Eric Gelinas,D,COL,24,13.729228881013885,1.9843006998103396,2.7803898123841675,3.1841551019983707
502,8467890,Barret Jackman,D,NSH,34,13.725436097208073,0.5575501306256608,0.6526037190974224,1.5729688022154076
503,8471856,Joe Vitale,C,ARI,30,13.723455900404359,2.508896705580921,3.48165148642005,2.48214877524027
504,8465951,Matt Cooke,L,MIN,37,13.717934999061427,3.814776659011841,3.8928003311157227,2.773094415664673
505,8475763,Kevin Hayes,R,STL,23,13.71067774630155,6.435447226213783,6.356645853057676,3.7321173480183143
506,8474040,Sam Gagner,C,EDM,26,13.678659492496621,5.6281112473115815,4.055653750020708,3.3220636239831105
507,8475163,Alex Chiasson,R,DET,25,13.660204370352917,4.188619869249296,2.4950062063952174,0.6838470755226319
508,8468501,Anton Volchenkov,D,NSH,33,13.641354019468304,1.070784568786621,1.6066296100616455,2.387235641479492
509,8471762,Chris VandeVelde,C,PHI,28,13.630945406248264,1.011997109814161,2.3116028461944906,3.2347007724445818
510,8471476,Daniel Winnik,L,MIN,30,13.618348775106002,2.910852250590862,3.522542358727831,2.9083141394391436
511,8477930,Pierre-Edouard Bellemare,L,SEA,30,13.608392134639923,3.358419439084184,2.84482553811773,0.7316093042488052
512,8475323,Marcus Kruger,C,CHI,25,13.58999840750964,1.923783779144287,3.4699653937779122,1.7045718615042587
513,8470274,Chris Higgins,L,VAN,32,13.55636748915873,4.810707316660867,3.016149874790117,1.6500706759894765
514,8476478,Stuart Percy,D,TOR,22,13.54969123826437,1.0298567138067105,2.428820575155863,2.5793913224848306
515,8473574,Shawn Matthias,L,WPG,27,13.548552406097347,6.417526793883517,4.05630589159293,3.870233934562983
516,8475153,Dylan Olsen,D,FLA,24,13.54292904412489,1.2621470079189394,2.016941831874974,3.024961622749887
517,8474739,Tommy Wingels,C,BOS,27,13.539871312781665,4.195037708592374,3.955020003744992,2.353438297940607
518,8473482,Jiri Tlusty,L,NJD,27,13.538447471263959,5.686538614146978,3.7416133524401376,1.950016661388118
519,8476466,Sven Baertschi,L,VGK,23,13.518847472501488,7.567087009325971,4.586641560993729,2.986905725553021
520,8474668,Dale Weise,R,MTL,27,13.511004293529952,7.018951416254651,4.298591446930039,2.7258346978818593
521,8471311,Tyler Kennedy,C,NJD,29,13.510645946251937,3.773523675045601,5.525995381950395,3.5605609864517644
522,8477922,Melker Karlsson,C,SJS,25,13.503063993524819,5.5296961838986105,3.0386117027655035,1.9146190539906742
523,8471956,Andrew Desjardins,L,CHI,29,13.490759158955429,3.839769552940247,1.965299358001555,0.555126541703209
524,8476806,JT Brown,R,MIN,25,13.443362226822977,3.8185351683918696,4.699606475074076,1.9847123348654607
525,8477059,Damien Brunner,R,NJD,29,13.442126675568364,6.218136310577393,5.589858531951904,3.1647324562072754
526,8474610,Zac Dalpe,C,FLA,26,13.360183756483249,5.194761331843025,3.352616705545565,1.8023997981373856
527,8473658,Victor Bartley,D,MTL,27,13.358069665938704,0.9402010847882527,3.028404166058796,2.8603596105808164
528,8467423,Shawn Horcoff,C,ANA,37,13.295398210860435,3.950400976129956,3.6841670579864743,2.136472028195035
529,8471804,Nathan Gerbe,C,CBJ,28,13.29446461740823,3.846950186548957,2.604605791103411,2.0927877862859137
530,8475842,Sam Carrick,C,ANA,23,13.292231458365729,3.4307359253487935,2.2058308298994853,1.8637554500161146
531,8468575,Dominic Moore,C,TOR,35,13.290922467109368,2.829899559117747,2.3530246952521985,1.930162577732357
532,8476888,Mikhail Grigorenko,C,CBJ,21,13.288536564575454,3.161176447512438,6.287685484289485,3.8174177244139536
533,8470176,Sean Bergenheim,L,MIN,31,13.284246679220931,5.554275989532471,3.055957078933716,3.259488582611084
534,8468611,Matt Hendricks,C,WPG,34,13.25375063747331,2.958213413776601,2.2593872722743473,1.633548509869451
535,8468518,Tomas Kopecky,R,FLA,33,13.250839260568194,4.112783432006836,3.0494723320007324,2.043196678161621
536,8476919,Chris Tierney,C,NJD,21,13.242276226780662,3.3721732885083537,4.735860233689297,1.5332973611978709
537,8467329,Vincent Lecavalier,C,LAK,35,13.241929238264284,7.364294945000583,4.947114238081297,2.3225099604825563
538,8471710,Taylor Chorney,D,CBJ,28,13.218421259927313,0.8176791393825598,1.7910242581282931,1.3487040593703425
539,8474145,Robert Bortuzzo,D,NYI,26,13.217986547264756,1.924281543017838,1.0167503705838832,1.6170785345485779
540,8475770,Emerson Etem,R,ANA,23,13.214427301131492,5.048685320429929,4.0080306275948,1.5496280457550502
541,8468001,Derek MacKenzie,C,FLA,34,13.205338539894731,3.4600157551472277,1.0435135546709062,3.152639102918105
542,8476449,Scott Harrington,D,ANA,22,13.202047265763873,0.8738444389366522,1.0184922392775373,1.5343984558610673
543,8469664,David Moss,R,ARI,34,13.182896534520006,4.147717475891113,3.865553855895996,2.5892155170440674
544,8475220,Marcus Foligno,L,MIN,24,13.127276920040453,4.958930871033597,3.639521392836579,3.004117643351977
545,8476442,Matt Nieto,L,PIT,23,13.11661808572304,4.567656068175776,2.518268759112041,3.1741989233593064
546,8469466,Ales Hemsky,R,MTL,32,13.073429219996989,6.544608329615559,7.911347821927629,5.010812602432021
547,8477444,Andre Burakovsky,L,SEA,20,13.064655598589537,8.148818904931963,3.822528951260422,6.219934915417928
548,8477887,Patrick Brown,C,BOS,23,13.041190433978956,1.8345214054355763,1.1424428806072329,1.6826795905105454
549,8476880,Tom Wilson,R,WSH,21,13.026623701111623,3.3054729187325878,6.1387354205033775,1.4166312508853947
550,8475792,Brett Connolly,R,CHI,23,13.013216455769578,5.307085155504147,5.046452712488939,3.0998957315651903
551,8470611,Eric Fehr,C,MIN,30,12.982493376030247,6.064470281173585,1.9193922763092541,3.352447980375214
552,8470622,Patrick Eaves,R,ANA,31,12.980843928391465,7.47634339002059,3.3880326667151563,1.9085708874362153
553,8476344,Tyler Graovac,C,VAN,22,12.980610939667145,2.603500180128144,2.7896892733690213,1.3918833616303234
554,8470778,Drew Miller,L,DET,31,12.935130881891627,2.6352416917474586,2.0318630469437835,1.0511936937890403
555,8475175,Magnus Paajarvi,L,OTT,24,12.925855954678314,3.1511516304048697,3.9476349343155688,0.9753009691471006
556,8471241,Mark Fistric,D,ANA,29,12.925244530663232,1.070784568786621,1.9579071998596191,1.8539190292358398
557,8470619,Brian Boyle,C,PIT,31,12.918767717429345,6.501487836825458,2.1015877066819493,1.5331859284957619
558,8470302,Patrick Dwyer,R,CAR,32,12.915331021239153,3.826744794845581,3.473489761352539,1.9802453517913818
559,8474062,Riley Nash,C,NYR,26,12.871730099298048,5.312103901550346,3.8762031002750903,3.963148807414192
560,8476479,Phillip Danault,C,LAK,22,12.808232376118461,2.6425244967153243,1.4287643766505367,2.4020829795832395
561,8471283,Brandon Prust,L,VAN,31,12.794611777339748,2.2460326627971265,4.1696581125195715,2.2566055355970596
562,8475287,Erik Haula,L,NJD,24,12.780391788146973,6.994241232248909,6.4411940549504125,3.646655347500916
563,8476467,Jamie Oleksiak,D,SEA,23,12.779351623093033,1.0010110677742377,1.8262808093576397,2.7701341469479273
564,8476975,Cedric Paquette,C,MTL,22,12.752036046104074,4.219184642591346,2.161877100931992,2.638098809630515
565,8476244,Raphael Diaz,D,CGY,29,12.7408391683912,1.7057509422302246,2.735214948654175,2.9314637184143066
566,8477126,Jayson Megna,C,ANA,25,12.723254833012895,3.1874289350117846,1.8678315441782882,2.4284284591980816
567,8475231,Casey Cizikas,C,NYI,24,12.708469611324238,3.971789226941423,5.880595682107037,4.390539153315447
568,8476147,Kael Mouillierat,L,PIT,28,12.70787398768806,3.676510726533285,2.5779737408568217,3.430518272446423
569,8474098,Colton Sceviour,C,EDM,26,12.69521242057392,6.072652115398964,5.651062295652673,3.680924202835015
570,8470162,Matt Stajan,C,CGY,32,12.690192039963511,2.9782581165575257,3.9723814187685456,1.527115924136515
571,8470317,Nate Guenin,D,COL,33,12.687874750570558,0.6920924651913527,0.8004828836859726,2.3125130257955413
572,8471338,Torrey Mitchell,C,LAK,30,12.67082071614985,5.662024115732994,3.274473944203012,1.2295241533153916
573,8475907,Micheal Ferland,L,VAN,23,12.667075510979943,2.4367511202720804,3.765238541813302,3.6739910355553373
574,8476967,Brett Kulak,D,EDM,21,12.652129250829821,0.9792896712698588,1.1289703031865561,1.1687038962433978
575,8476410,Josh Leivo,L,STL,22,12.63977407317244,8.332278455120923,3.232439291186449,1.7681750146354116
576,8473432,Derek Dorsett,R,VAN,29,12.630144315708415,2.991081710342663,2.9745529062148997,3.3972742994543403
577,8473466,Ryan White,C,MIN,27,12.611172725144847,5.830026164063959,1.2586148006810984,1.634325671293619
578,8476474,Stefan Noesen,R,CAR,22,12.60897974810489,1.9661216052567085,1.236209436160762,1.2791734788475966
579,8475810,Bryan Rust,R,PIT,23,12.556009131737927,4.051352261566352,2.7738373866312025,2.1351190202409267
580,8476209,Mike Sislo,R,NJD,27,12.526920520583767,2.972679183674659,1.2723976693502288,1.5136909636500164
581,8477455,Jacob de la Rose,L,STL,20,12.509971270609997,2.236168559004621,1.4823457393622317,1.179546379461521
582,8464975,Daniel Brire,C,COL,38,12.509767005577569,5.617342472076416,3.058159828186035,2.040482521057129
583,8473536,James Sheppard,C,NYR,27,12.500505448947038,3.719621181488037,4.184136390686035,2.8426661491394043
584,8474519,Jack Hillen,D,CAR,29,12.500196386479299,1.131117343902588,2.0476903915405273,2.4716176986694336
585,8475178,Zack Kassian,R,ARI,24,12.49415588253134,5.279736056496416,3.0514440671757677,2.5865533438484425
586,8476406,Nicholas Shore,C,WPG,23,12.458876878535598,1.7937506480222845,2.7319469116383535,1.4876856018395959
587,8478042,Viktor Arvidsson,R,LAK,22,12.451229361999426,4.696995416370806,3.110486219487158,1.888239300492686
588,8475268,Gabriel Bourque,L,WPG,25,12.445639339227105,4.035129184639065,4.094588206053747,2.3021798463308705
589,8476062,Mark Arcobello,R,TOR,27,12.441006342045863,4.818529471410936,2.533503433553184,4.3019012103784915
590,8467967,Chris Kelly,C,ANA,35,12.426067792651018,3.8757584829057525,3.0120116123339025,2.335231699594637
591,8471682,Devin Setoguchi,R,LAK,28,12.417247792952772,4.797806262969971,2.9343104362487793,2.3528127670288086
592,8474048,Keith Aulie,D,EDM,26,12.412243905325354,1.070784568786621,1.3691636323928833,1.9969897270202637
593,8469473,Marcel Goc,C,STL,32,12.384159093058868,3.527045726776123,2.6346728801727295,1.7563501596450806
594,8470877,David Jones,R,MIN,31,12.381364052189511,5.904064460127472,3.273431961191278,0.6982307351804838
595,8474034,Pat Maroon,L,MIN,27,12.300173179337987,6.750389211470453,4.207003878986086,4.43899832438772
596,8477448,Marko Dano,C,CBJ,21,12.299760169559647,6.630131319514974,2.3231335975747505,4.336021473920145
597,8471490,Adam Cracknell,R,ANA,30,12.286034252873057,3.5390594914920936,3.3101955524888087,1.4936664472411707
598,8475758,Devante Smith-Pelly,R,WSH,23,12.255901534352539,7.77091661195897,3.229662395099822,4.013778263178713
599,8477591,Josh Jooris,R,PIT,25,12.249265919640681,3.220172244864084,2.0432043675397313,3.9183671220356544
600,8473537,Viktor Stalberg,L,OTT,29,12.21680002108948,4.897788459265841,3.02788480045335,3.30093930895718
601,8476469,Joel Armia,R,MTL,22,12.2152978942404,2.5100820394545815,2.0993910032434275,2.120077394166718
602,8475715,Oscar Lindberg,L,OTT,24,12.207318234195746,7.163231308440038,4.720674689598307,3.2254704326711767
603,8470054,Keith Ballard,D,MIN,33,12.20307959373634,1.070796012878418,1.4179775714874268,1.8527952432632446
604,8475868,Anthony Bitetto,D,NYR,25,12.200444454372368,1.210938305130714,1.3261974058818933,2.8714707643341897
605,8474873,Brian Lashoff,D,DET,25,12.197963803499729,1.070784568786621,1.9464936256408691,2.4831979274749756
606,8472410,Stephen Gionta,C,NYI,32,12.19478572766957,0.49936746787400965,2.996204807244058,1.9974698714960386
607,8473571,Jamie McBain,D,ARI,27,12.17269371078942,2.191600245874375,2.653869315919761,3.5278158744317363
608,8475759,Brandon Gormley,D,COL,23,12.156730901724364,1.01742185034403,0.9371955685499238,1.7176606972890185
609,8470159,Boyd Gordon,C,PHI,32,12.153465060354764,1.6792201585184918,1.1199017732258092,0.9110309726957708
610,8476539,Jonathan Marchessault,R,VGK,25,12.12904097086727,8.3413913028976,2.7497362975035475,4.634491954611757
611,8471664,Mason Raymond,L,ANA,30,12.114537517831918,6.028199160886803,2.957541558800674,2.3872805601001814
612,8470617,Mike Richards,C,WSH,30,12.074760219196838,3.6330637153512435,4.551092385800779,1.8535807801455988
613,8468526,Jarret Stoll,C,MIN,33,12.06138605085227,2.07914731409461,0.5738122052389638,2.054348566124774
614,8475165,Anton Lander,C,EDM,24,12.05000889043307,1.4305168072574743,1.3637593201697593,1.2751571465506053
615,8476447,Miikka Salomaki,R,NSH,22,12.040812324765485,9.886905887379644,1.8988285072918858,1.7223564696723408
616,8474727,Ben Smith,R,TOR,27,12.030408141426886,6.968986051584298,2.5066867628113427,3.4418035655851673
617,8476428,Rocco Grimaldi,R,NSH,22,11.978417285393158,5.854016624397282,1.1913822395045583,2.0192644609467445
618,8474642,Lance Bouma,L,CHI,25,11.958879035529378,2.9396362880522733,2.8807673213170926,2.881584166913119
619,8476207,Brian Gibbons,C,CAR,27,11.929926871509602,2.0014119148254395,3.3338370323181152,3.3811213970184326
620,8475761,Beau Bennett,R,STL,24,11.921555684692725,6.10004043786196,3.152321214943526,4.767727399047472
621,8473504,Cal Clutterbuck,R,NYI,28,11.88973397682204,8.005072775453495,2.237840642591652,2.1423874965642966
622,8476235,Justin Fontaine,R,MIN,28,11.871588903381086,3.840733186131607,4.644281814511862,3.4355937826877985
623,8476436,Dmitrij Jaskin,R,ARI,22,11.857929071902669,3.3361222150907217,3.0470602439743635,2.4577814895990353
624,8471266,David Booth,L,DET,31,11.821112489358688,5.747424602508545,3.205598831176758,2.6989006996154785
625,8468504,Brad Boyes,R,TOR,33,11.7746189336428,5.688488720602939,6.075612627205137,4.5480757599209864
626,8476195,Cory Conacher,C,TBL,26,11.747957335631437,4.379997253417969,4.835067272186279,3.5670928955078125
627,8470852,Matt Moulson,L,BUF,32,11.694696350727419,4.182395882417021,3.6668113074883477,3.125785777979136
628,8466149,Daniel Cleary,R,DET,37,11.670789363370154,3.4966461658477783,1.764560341835022,1.5865845680236816
629,8475800,Teemu Pulkkinen,L,ARI,23,11.633584751247756,6.194432766181476,2.4164950710563176,2.5709463831447024
630,8476439,Brett Ritchie,R,ARI,22,11.62472125565002,6.207061046507301,1.920967962683701,2.2287625541483544
631,8470120,Alexander Semin,R,MTL,31,11.620171406595203,5.141142208837025,5.6508315108162765,4.058542537396743
632,8476808,Brian Flynn,C,MTL,27,11.620019847043132,3.378627267903998,2.5553305546049567,2.2269258256457105
633,8478137,Jiri Sekac,L,ARI,23,11.616061825181424,2.280650407160961,1.8966671477251604,3.5692766260454842
634,8469759,Vernon Fiddler,C,NSH,35,11.587364056193309,6.286013619696177,2.095337873232059,3.1430068098480883
635,8469547,Jordin Tootoo,R,CHI,32,11.582638390643716,2.888685729760766,2.0056421984443658,1.424874696947361
636,8477589,Ronalds Kenins,L,VAN,24,11.577052330653867,2.5972231888189548,2.336573839187622,2.492037924324594
637,8474743,Zach Redmond,D,BUF,27,11.535952643213832,2.4075972555659666,3.899568427199661,2.104784889919002
638,8470839,Shane O'Brien,D,FLA,32,11.531189393551811,1.0709670782089233,1.5282800197601318,1.8330872058868408
639,8469462,Tuomo Ruutu,L,NJD,32,11.528516561848122,2.701802777081001,2.479759360211901,1.3024270912496054
640,8469508,Jay McClement,C,CAR,32,11.521178329256937,1.7503542757011186,3.8709750045164184,0.6622986251544226
641,8470775,Nate Thompson,C,PHI,31,11.50112839343965,3.113061310693467,2.285553687239705,1.3730645670448105
642,8476162,Steve Oleksy,D,PIT,29,11.500708118610646,1.114812970161438,1.6050488948822021,2.5766959190368652
643,8476477,Matt Puempel,L,DET,22,11.482574640777496,5.713831441947005,1.8757609623234448,1.7564046817978642
644,8470230,Daniel Paille,L,NYR,31,11.482478993332156,4.012989125600675,3.1239197603086146,1.6133048185488073
645,8467988,Ryan Malone,L,NYR,36,11.41977406000691,3.6713309288024902,2.055751085281372,1.5177853107452393
646,8469457,Stephen Weiss,C,DET,32,11.388203447464349,4.377120018005371,3.2882652282714844,3.3603618144989014
647,8470180,Eric Nystrom,L,NSH,32,11.385371848574584,5.502266130876496,0.8707875042426877,0.5999329613476265
648,8464977,Dainius Zubrus,C,SJS,37,11.376151486612937,2.528882858946518,1.579899615627466,2.180031771329807
649,8471222,Ladislav Smid,D,CGY,29,11.34565934851049,0.7835009039902106,0.9062070381350633,1.1076538446472912
650,8474074,Paul Postma,D,BOS,26,11.344046486009276,2.5586642579275836,1.5981869581269057,1.5282521131562026
651,8469639,Brooks Laich,C,LAK,32,11.337307299771245,1.1137628603815897,3.2459737789517087,3.231672580666908
652,8475613,Nate Prosser,D,PHI,29,11.334744025022532,0.3656337551954316,0.9890742532330761,1.7430181615170346
653,8474606,Colby Robak,D,ANA,25,11.326198716802686,1.070784568786621,1.624819040298462,1.870399832725525
654,8467346,Simon Gagne,L,BOS,35,11.274523990811371,3.502300262451172,2.006887197494507,1.9314842224121094
655,8476386,Shane Prince,L,NYI,23,11.265902501142119,4.169437973412713,3.917018292328848,4.4230850012084835
656,8474052,Chris Terry,L,MTL,26,11.260589212743087,5.337552891191854,1.5043430838806453,1.1171928405116534
657,8468700,Paul Gaustad,C,NSH,33,11.185886051372526,1.7681279217410817,1.6836098816422866,1.5376088334379112
658,8473646,Ryan Carter,L,MIN,32,11.17796092700858,4.967953354622805,3.1797030161861657,1.272952985856111
659,8472424,Ryan Hamilton,L,EDM,30,11.086719696943819,1.9713798761367798,1.8957908153533936,1.383422613143921
660,8470609,Steve Bernier,R,NYI,30,11.072860804602694,5.027430069524101,3.293662548433477,3.936270186106375
661,8467351,Scott Gomez,C,OTT,36,11.033603016335197,2.025433613086128,4.87032858643588,5.404335688066645
662,8470171,Max Talbot,C,BOS,31,10.993081512981602,2.7403151742748797,3.475194059630093,2.355532673891549
663,8474184,Keaton Ellerby,D,WPG,27,10.973029406223901,1.0700204372406006,6.695181369781494,8.145259857177734
664,8476981,Josh Anderson,R,MTL,21,10.881191473576145,2.6157308440914684,2.163164964536341,3.8779253035198495
665,8470105,Scottie Upshall,R,STL,32,10.874434578671385,4.105791434632231,4.384952956628356,0.8299433825802918
666,8475958,Michael Sgarbossa,C,WSH,23,10.87295396195463,2.4483614200499,3.1362995170965426,6.395158977043338
667,8467334,Manny Malhotra,C,MTL,35,10.856529456953062,1.764259934425354,1.6302915811538696,1.5829784870147705
668,8476393,Nick Cousins,C,FLA,22,10.816760289251821,4.061547920452499,2.004413789359088,2.440453483554705
669,8475209,Richard Panik,R,NYI,24,10.8163710580145,6.858640578330132,2.9399972040501527,2.234518803331278
670,8476293,Scott Wilson,C,BUF,23,10.784022143184242,3.6032521991323074,1.4562584319754424,0.9156281017675632
671,8476336,Iiro Pakarinen,R,EDM,24,10.780079868687151,3.848480437977587,3.170404810394758,2.0881247457370886
672,8477715,Tyler Gaudet,C,ARI,22,10.776810255971197,1.443814045923183,2.1823627317878875,1.8571722516254296
673,8476435,Alex Khokhlachev,C,BOS,22,10.775524525113921,1.6886333706902295,1.1735906368348656,1.2401162749383507
674,8476116,Ryan Garbutt,C,ANA,30,10.765105290602328,4.098506607043119,4.068339934545858,0.08379633252213642
675,8470803,Kyle Brodziak,C,EDM,31,10.703615897303004,4.232598281481593,1.3391661934717463,1.2799638655108712
676,8474001,TJ Galiardi,L,WPG,27,10.6878557091735,3.384289503097534,3.3246824741363525,1.9518853425979614
677,8474638,Andrew Campbell,D,TOR,27,10.671632430057683,0.9924344783876001,1.1460791041211384,2.105676265824655
678,8475157,Landon Ferraro,C,MIN,24,10.638902503688483,3.9899681067952475,2.064855092205722,1.3769629927341023
679,8468505,Steve Ott,C,MTL,33,10.613213968405653,2.063539377072962,2.873228263022227,2.1311785282553366
680,8474008,Paul Carey,C,BOS,27,10.610959854314938,2.065456290325155,2.1727213626954613,1.405825260208874
681,8473588,Erik Condra,R,DAL,29,10.564781341546771,4.892526369194266,3.1411801772498404,2.036519236171336
682,8473485,Chris Stewart,R,PHI,28,10.55225063640757,6.772428944946947,6.790769207175181,2.710653509353233
683,8476886,Slater Koekkoek,D,EDM,21,10.547315972648752,0.9549676267112174,1.703312187145766,1.162773995864682
684,8474709,Matt Martin,L,NYI,26,10.542603690492223,5.8970089626301325,4.1209238345208306,1.1979344268889685
685,8474748,Andrew MacWilliam,D,TOR,25,10.534318113950533,1.070014238357544,1.2378970384597778,2.2562553882598877
686,8474570,Cody Hodgson,C,NSH,25,10.531837570970687,4.896126909821829,4.722381126413939,1.9976009537094137
687,8471657,Cody McLeod,L,NSH,31,10.527449974873708,4.628379681413216,1.157094920353304,1.735642380529956
688,8476451,Lucas Lessio,L,MTL,22,10.527222316896085,3.2459162547165192,1.8299465935404706,2.006298104517187
689,8470169,Gregory Campbell,C,CBJ,32,10.520737299181866,1.7312353325895502,1.7312353325895502,2.8853922209825833
690,8470654,Maxim Lapierre,C,PIT,30,10.508545134114021,3.323943853378296,2.8743035793304443,1.6122632026672363
691,8469591,Cody McCormick,C,BUF,32,10.496347529374859,2.079026222229004,1.7820260524749756,1.3034825325012207
692,8475119,Zach Sill,C,WSH,27,10.473237650905356,1.9083106476032419,1.585704175437369,1.8299479600859851
693,8476872,Scott Laughton,C,PHI,21,10.44086968425323,4.560202132416546,4.434738690311927,4.327320013609939
694,8473942,Trevor Smith,C,NSH,30,10.43932451191964,2.8163912296295166,2.122102737426758,2.4774889945983887
695,8470152,Joakim Lindstrom,C,TOR,32,10.414645501597326,2.2930359840393066,1.5190969705581665,2.566607713699341
696,8475161,Chris Brown,R,WSH,24,10.396201191698257,6.414820380327178,1.7947276249164488,1.596046276208831
697,8465166,Craig Adams,R,PIT,38,10.380713410219274,1.8292138576507568,2.07914662361145,1.4914900064468384
698,8476807,Matt Tennyson,D,NSH,25,10.366170781953647,1.6599881662906388,2.6978177398521446,3.0209334709451854
699,8476870,Stefan Matteau,C,COL,21,10.357409764002615,3.2074693208721228,1.2691675162896876,1.433764332671633
700,8476624,Barclay Goodrow,C,NYR,22,10.34768269961235,2.092244892585568,2.925610325175634,2.619913190348392
701,8471504,Rene Bourque,R,COL,34,10.3430865096327,4.066623584497589,1.8825329779513589,2.9792098160298317
702,8476798,Karl Stollery,D,NJD,28,10.328394110273807,1.070784568786621,1.2489737272262573,1.3036887645721436
703,8475235,Nicolas Deslauriers,L,PHI,24,10.29634814074783,3.9376566025379525,1.424711016881185,2.9472998269581407
704,8470854,Tanner Glass,L,CGY,32,10.290897501091587,2.9870235754143555,1.7641435880447132,0.9975595003928266
705,8475671,Matt Fraser,R,EDM,25,10.243552219895554,5.502486705780029,2.3662703037261963,1.697951316833496
706,8477451,Ryan Hartman,R,MIN,21,10.223048136302568,3.2528065530265247,1.8620947249211897,1.2545584978126898
707,8475414,Craig Cunningham,L,ARI,25,10.22270921431502,3.138761078439108,2.4304194566680164,3.026570135584495
708,8469501,Chris Thorburn,R,STL,32,10.203720403672813,3.6146755828664374,2.4097837219109586,1.2048918609554793
709,8471231,Kyle Chipchura,C,ARI,29,10.156185760916463,2.8715950269520976,4.257288300336311,1.6352886712403907
710,8477509,Mirco Mueller,D,NJD,20,10.136306171422287,0.9261347113586054,1.2121933466050683,2.304802885869654
711,8471718,Marc-Andre Cliche,C,COL,28,10.117817720689429,1.6078341007232666,2.170062780380249,2.676713466644287
712,8476158,Harry Zolnierczyk,L,NSH,28,10.069885669082339,2.860138334879061,3.050841982771711,1.491313694453821
713,8478393,Kyle Baun,R,CHI,23,10.02103551853293,1.8992821763201457,1.282820934202613,1.258727631917814
714,8470063,Adam Burish,R,SJS,32,9.983370778470704,2.318277359008789,1.8678791522979736,1.429742455482483
715,8471390,Mike Santorelli,C,ANA,30,9.916374427683074,6.143136245585898,1.2557600029268512,5.38841787598588
716,8466160,Brenden Morrow,L,TBL,36,9.91261327631643,4.124906539916992,3.0851926803588867,1.9476157426834106
717,8469469,R.J. Umberger,C,PHI,33,9.872914296175043,3.9689965313983433,6.24391009476913,1.5609846904011415
718,8476394,Michael Paliotta,D,CBJ,22,9.847664958446924,1.442442446220212,6.060836460532212,12.05187121833243
719,8467331,Brad Stuart,D,COL,36,9.789656068200772,0.9924344783876001,1.4467233564795519,1.672841374467059
720,8475260,Corban Knight,C,PHI,25,9.734084847962782,4.027118042507439,2.842892450942696,2.2559434837283505
721,8476495,Seth Griffith,C,EDM,22,9.719830731620066,4.386119493624059,1.5360932001253453,2.627507310462465
722,8475732,Danny Biega,D,CAR,24,9.674801251732031,1.083639144897461,1.209352731704712,2.445011615753174
723,8474646,Brandon McMillan,L,VAN,25,9.665086670904515,3.224907636642456,2.9471194744110107,3.6491053104400635
724,8470871,Chris Porter,L,MIN,31,9.647937795001447,3.4050809940569193,1.30770462632408,1.7027808840146106
725,8460720,Eric Boulton,L,NYI,39,9.62375326347262,5.910272993692538,1.6764025804473133,1.1991005467205513
726,8477510,Kerby Rychel,L,CGY,21,9.59192378325516,2.3637767407959926,7.5736499902701615,3.2696082906029034
727,8474089,Brad Malone,C,EDM,26,9.562607347228443,2.749777260042527,2.7987253857570904,1.4262298176844581
728,8471254,Bryan Bickell,L,CAR,29,9.548119482627264,4.387545312323221,3.751717701516424,2.3904473784841382
729,8467330,David Legwand,C,BUF,35,9.515183079064048,3.2998203199614036,3.3179941832095308,2.6406155487810046
730,8476427,Ty Rattie,R,EDM,22,9.480341990407748,5.73301001821438,2.7371079889998278,2.0351809379531116
731,8474094,Matt Halischuk,R,WPG,27,9.462604399611834,3.0197955573477397,4.2856257327386,1.3522173951311809
732,8475253,Garrett Wilson,L,PIT,24,9.44079998332831,2.6735343700501977,1.4293865663249319,0.7210350298300022
733,8473700,Ryan Wilson,D,COL,28,9.420037110436397,1.4211719036102295,1.8473727703094482,2.35386061668396
734,8475147,Jordan Schroeder,C,CBJ,25,9.414751549346517,4.884517300539824,3.9984979877258477,2.806181792865901
735,8476769,Bobby Farnham,R,MTL,26,9.357128141179983,5.837809532592149,1.0931257747843242,1.115997113523952
736,8475650,Brandon Bollig,L,CGY,28,9.332502912535986,2.381431692500953,0.8269208117229183,2.1422087240040257
737,8475749,Christian Thomas,L,ARI,23,9.324318376584674,2.98576008401266,5.801510643403567,1.8420693699906512
738,8475160,Kyle Clifford,L,TOR,24,9.313968078677368,3.4354431391200233,3.090528289908493,2.6530294936315633
739,8471916,Mike Angelidis,L,TBL,30,9.298792760669473,1.6331768963072033,1.1929701682997913,1.2309554117481882
740,8476384,Max Friberg,R,ANA,23,9.277255205871397,1.0395775684496251,1.1757304901030006,1.215575238553489
741,8467493,Chris Neil,R,OTT,36,9.27211544307089,3.3849323548155015,2.6820132845753704,2.665134865769248
742,8475980,Brody Sutter,C,CAR,24,9.23930548401835,0.9833387339987406,1.128363772136409,1.172389664301058
743,8475816,Stanislav Galiev,R,WSH,23,9.210171319474226,10.941943703628167,3.7062088801869333,1.0666224375003721
744,8475780,Chris Wagner,R,BOS,24,9.203308191758454,3.3442916563913965,1.2799577647365177,1.2834560325732047
745,8476944,Brendan Woods,L,CAR,23,9.179108275107634,3.416954325466621,1.1750003026752935,1.2171662478912166
746,8477249,Andrew Miller,C,EDM,27,9.152962125636645,2.3323187828063965,3.0379550864056846,3.9653896006142224
747,8475808,Michael Chaput,C,ARI,23,9.13977488608539,2.2244890854775403,1.875603571170714,2.839669496467441
748,8474576,Zach Boychuk,L,CAR,26,9.110574016717951,4.524113178253174,4.635134220123291,2.3777942657470703
749,8476430,Tomas Jurco,R,VGK,23,9.107157123126392,4.808645828843855,3.2344000101514765,2.147035528973835
750,8470289,Jim Slater,C,WPG,33,9.100339846067438,2.6622848510742188,2.2585017681121826,1.841895580291748
751,8473970,Rob Klinkhammer,L,EDM,29,9.096458918581959,5.066707041902694,2.656110216931599,1.611517673585473
752,8474744,Sean Collins,C,WSH,27,9.088365894948263,1.38942927849002,2.7947402581935976,4.484965626786395
753,8474516,Bryan Lerg,C,SJS,29,9.030431285565252,11.957113684677497,1.444656261583654,1.1820233973061167
754,8475325,Jordan Nolan,C,STL,26,8.890372177444995,1.5283378740636313,2.9011787459555647,1.9550662423495657
755,8476404,Andy Andreoff,C,NYI,24,8.828125657171963,6.859627054735647,1.8248699423185553,0.4739834157431998
756,8474168,Joakim Andersson,C,DET,26,8.79739583694104,2.898076711630485,2.4141046739196907,1.8307521255995716
757,8475461,Andrew Agozzino,L,SJS,24,8.775871470932337,1.7822547918412743,13.556750181244642,16.28419357228318
758,8471681,Jack Skille,R,VAN,28,8.774655951577813,6.193240792316355,4.425639000266945,0.18945262490249262
759,8473514,Jesse Joensuu,L,EDM,28,8.765170714868786,4.622360706329346,4.832522392272949,2.442507266998291
760,8475214,Jeremy Morin,L,CBJ,24,8.76288916149505,7.638406753540039,5.82522439956665,3.4236958026885986
761,8471761,Chris Butler,D,STL,29,8.761943364986356,1.4545611172187618,1.8540420357773943,2.182991751810399
762,8477902,Dennis Everberg,R,COL,24,8.732778940000065,1.8078594033311053,1.4033093161699248,2.525276937135836
763,8471663,Mike Blunden,R,OTT,29,8.713026212909735,2.9238260290104323,2.347338912196607,0.9547379714686696
764,8470920,David Clarkson,R,CBJ,31,8.701479430782108,5.694326805179699,2.573617968754564,1.949463478085965
765,8475752,Tyler Pitlick,C,NYR,24,8.67278079388856,3.6842379570007324,1.4190967082977295,1.508603572845459
766,8471703,Steve Downie,R,ARI,28,8.658834917828646,5.508272033714384,7.08831194896214,3.9722699118589997
767,8465978,Shawn Thornton,L,FLA,38,8.658121412046697,1.9831207036838867,3.639478802046188,0.6585293281369093
768,8471299,Peter Regin,C,CHI,29,8.643362455755332,2.7313392162323,5.459822177886963,4.21525239944458
769,8475150,Jordan Caron,R,STL,25,8.557547518199986,2.51665550324975,2.088205261928279,1.3860000982517149
770,8473682,Andrew Ebbett,C,PIT,32,8.53501747375819,2.1650333404541016,4.079460144042969,2.9924755096435547
771,8474025,Eric Tangradi,L,NJD,26,8.420846606646743,2.6903928140314615,2.211630437432266,1.457803182485627
772,8475735,Greg McKegg,C,NYR,23,8.399554666277695,4.532813252960498,1.0212332490013867,1.0598873205301238
773,8477213,Tim Schaller,L,LAK,25,8.330835951083786,2.150557992643892,1.8160938554967794,1.7726508356996171
774,8474736,Zac Rinaldo,C,CGY,25,8.313995059897987,1.7928300578285459,1.6737119779219896,1.2374768931556945
775,8475310,Curtis McKenzie,L,DAL,24,8.263401243216546,3.3866818503635683,1.4240257565568133,1.6008555743752455
776,8470018,Matt Ellis,L,BUF,34,8.221694485770724,2.9862236976623535,1.5115656852722168,1.5421090126037598
777,8466333,Andrew Ference,D,EDM,36,8.177661664342283,0.9924344783876001,1.4513649010076757,2.098277103610155
778,8471733,Rich Clune,L,TOR,28,8.152829085812295,1.1730676714966937,4.338934557667528,1.45547280078981
779,8471388,Patrick Kaleta,R,BUF,29,8.147690732920589,1.068596601486206,1.6580262184143066,2.1408233642578125
780,8471636,Tim Sestito,L,NJD,31,8.145643710963592,1.4024138450622559,3.219128131866455,2.323967218399048
781,8475247,Michael Latta,C,WSH,24,8.122682045689533,3.1255453765447645,2.6867758834768147,4.305510874061769
782,8477916,Borna Rendulic,R,VAN,23,8.107566730985324,2.2605972348189933,2.0761412818257403,1.301780079923025
783,8470647,B.J. Crombeen,R,ARI,30,8.085861687281298,3.1868879795074463,2.761263608932495,1.918336272239685
784,8468635,Travis Moen,L,DAL,33,8.06730119207581,2.0720576251425395,2.867160076647558,2.28997162553188
785,8474130,Corey Tropp,R,ANA,26,8.039472863130065,1.8099642992019653,2.910438299179077,3.628160238265991
786,8477429,Andrew Copp,C,DET,21,8.035713497359202,5.611827532977215,3.4833028380428375,1.8579289305483173
787,8471817,Ryan Reaves,R,TOR,28,8.028406501446915,3.090189092142415,0.5768833393003883,1.1412642763244452
788,8475321,Phil Varone,C,PHI,25,8.003703970422718,4.252984103845293,3.0166169002170546,1.5395825316266316
789,8471879,Kyle Cumiskey,D,CHI,29,7.885031732095035,1.0693901777267456,1.2535616159439087,1.3056704998016357
790,8471371,Mike Brown,R,MTL,30,7.826577726786077,2.442344083470676,2.826451812480481,0.3859762098731064
791,8470666,Daniel Carcillo,L,CHI,30,7.805269747706927,5.080249786376953,2.5564756393432617,1.3991198539733887
792,8471474,Travis Morin,C,DAL,31,7.624084581054694,2.6688625812530518,1.629555344581604,2.766160011291504
793,8470644,Colin McDonald,R,PHI,31,7.506000905175303,6.349559075154235,5.900490237445366,3.7833134139456397
794,8476043,Ben Street,C,NJD,28,7.427957141929559,1.858503934813709,2.11476610928047,1.2745723128318787
795,8474192,Matt Frattin,R,TOR,27,7.42052694956811,3.7211427688598633,2.5572781562805176,1.8169951438903809
796,8474137,Drayson Bowman,L,MTL,26,7.269527147038906,2.367550849914551,2.1091442108154297,1.5203449726104736
797,8474230,Micheal Haley,L,OTT,29,7.16792532333256,1.7613085921214091,1.0043941794372186,1.0393396470604874
798,8469542,Stephane Veilleux,L,MIN,34,7.148080658314945,2.9282965660095215,1.23848295211792,1.7820351123809814
799,8472368,Chris Conner,R,WSH,32,7.137974282401025,5.364326477050781,2.6394946575164795,1.3630980253219604
800,8475224,Jordan Szwarz,C,OTT,24,7.125217844684565,3.3480374813079834,1.2605042457580566,1.301592230796814
801,8475739,Michael Bournival,L,TBL,23,6.810933813300417,4.858386516571045,2.3686060905456543,2.6789424419403076
802,8473911,Steven Pinizzotto,R,EDM,31,6.693248627799436,2.9518322944641113,2.9813337326049805,3.035407543182373
803,8471766,Jared Boll,R,ANA,29,6.630762765885881,2.259198127745183,2.2937747414737757,2.0278953488498743
804,8474535,Chris Mueller,C,NYR,29,6.579330927159486,5.1543145179748535,2.5408945083618164,2.1628921031951904
805,8474722,Luke Witkowski,D,DET,25,6.5204801073929275,1.0207558986617298,1.1789076997012626,1.276535005104251
806,8473722,John Scott,L,MTL,33,6.4850623793491415,2.497845684609762,2.443633132730675,1.1127289911595786
807,8474061,Anthony Peluso,R,CGY,26,6.461392912489611,2.6265934816258647,7.564545979736193,4.331161154200082
808,8474164,Jonathon Blum,D,MIN,26,6.318248055258149,1.070784568786621,3.380525588989258,3.892937421798706
809,8473989,Luke Gazdic,L,NJD,26,6.208848946090198,2.710314420229501,1.029121855410134,1.2445684191657276
810,8467977,Brian McGrattan,R,CGY,34,6.103391369914109,4.246148109436035,2.210974931716919,1.2937591075897217
811,8473542,Tom Sestito,L,PIT,28,6.063603334109807,3.2880499537398173,6.632523501791605,7.150658595953082
812,8475996,Brendan Shinnimin,C,ARI,24,5.645667709776695,1.4716813564300537,1.4948604106903076,1.3399274349212646
813,8470662,Colin Fraser,C,STL,30,5.381771774347395,2.146615982055664,1.8047733306884766,1.6851937770843506
814,8474616,Patrice Cormier,C,WPG,25,5.3616511884271265,1.0384568935487328,2.9346079942656726,2.4286312010230087
815,8475619,Aaron Volpatti,L,WSH,30,5.282642622094902,2.270801067352295,1.23848295211792,1.3034825325012207
816,8475767,Joey Hishon,C,COL,24,5.138308655178486,3.042707681655884,1.9375214576721191,1.4325512647628784
817,8475295,Brandon Kozun,R,TOR,25,4.989757535037319,2.4153013229370117,2.1225929260253906,2.0523128509521484
818,8471326,Patrick Bordeleau,L,COL,29,4.912235127292227,1.6409788131713867,1.7330796718597412,1.8219068050384521
819,8475775,Tye McGinn,L,TBL,25,4.877822784397664,5.634799585109803,3.05509799864234,2.345361244387743
820,8470867,Troy Bodie,R,TOR,30,4.816679875688907,1.4699928760528564,1.2546427249908447,1.2838587760925293
821,8474603,Eric O'Dell,C,WPG,25,4.719543853339135,2.791687250137329,3.611067295074463,2.8477494716644287
822,8475162,Mat Clark,D,ANA,25,4.425497719153774,1.0758761167526245,1.1141374111175537,1.5630805492401123
823,8471309,Johan Franzen,R,DET,36,4.357807868021212,6.933157385849371,6.921372295537342,4.335791425007145
824,8468778,Colton Orr,R,TOR,33,4.352325428527376,1.0713160037994385,1.23848295211792,1.5446054935455322
825,8475309,Jerry D'Amigo,R,BUF,24,4.2990228665887615,1.7578479051589966,1.5792486667633057,1.5795185565948486
826,8471767,Blair Jones,C,PHI,29,4.247634598535079,2.579202890396118,1.8128650188446045,1.3015167713165283
827,8471840,Brett Sutter,L,MIN,28,4.209509205574012,2.3804023265838623,5.739354610443115,4.437853813171387
828,8475294,Rasmus Rissanen,D,CAR,24,4.199668752886223,1.0798094272613525,1.2498146295547485,1.2946691513061523
829,8476179,Will Acton,C,EDM,28,4.157603595815612,1.7567737102508545,1.9313867092132568,1.3465535640716553
830,8473647,Frdric St-Denis,D,CBJ,29,3.8279721978328123,1.0867068767547607,1.0634058713912964,2.9559812545776367
831,8475917,Jason Akeson,R,PHI,25,3.7527507542846776,7.072076797485352,5.6966657638549805,3.0497243404388428
832,8472365,Bobby Robins,R,BOS,34,2.599890776121193,1.056335687637329,1.2571793794631958,1.2928695678710938
833,8476482,Nicklas Jensen,R,NYR,22,2.593245732908062,3.324913501739502,1.6359729766845703,1.3184776306152344
834,8477227,Eriah Hayes,R,SJS,27,2.174307387763864,3.6625473499298096,1.7231640815734863,1.3028992414474487
835,8474793,Justin Hodgman,C,ARI,27,1.9064026120654847,4.101409435272217,1.251387357711792,1.2994575500488281
836,8470667,Clarke MacArthur,L,OTT,30,1.8372092586080395,6.8658270835876465,5.632344908830596,3.6869639536229575
837,8470719,Alexandre Bolduc,C,ARI,30,1.7959209139817585,1.3578259944915771,1.2436316013336182,1.2946231365203857
838,8474772,Stu Bickel,D,MIN,29,1.7814417736008312,1.0694668292999268,1.309035301208496,2.2164204120635986
839,8475154,Carter Ashton,R,TOR,24,1.3218858518096122,1.7064751386642456,2.7677340507507324,1.542992115020752
840,8470065,Ryan Craig,C,CBJ,33,0.8952885070444446,2.180150032043457,1.2534281015396118,1.2873016595840454
841,8477070,Liam O'Brien,C,ARI,21,0.8040937640904972,4.301165580749512,1.8608770370483398,1.3522088527679443
842,8476799,Cameron Schilling,D,WPG,27,0.5711104613348575,1.070784568786621,1.2510558366775513,1.2960524559020996
843,8475266,Tomas Vincour,C,COL,25,0.5092810680064634,2.030630350112915,2.9775094985961914,2.314445972442627
844,8475567,Julien Brouillette,D,WPG,29,0.5047919789195506,1.0705630779266357,1.2490997314453125,1.2909539937973022
845,8476426,David Musil,D,EDM,22,0.012078693508396238,1.0697922706604004,1.7169142961502075,3.6372509002685547
846,8474095,Dana Tyrell,C,CBJ,26,-0.24497073819378914,1.290138840675354,1.5478187799453735,1.4270442724227905
847,8477214,Conor Allen,D,NYR,25,-0.2892131947129963,1.070784568786621,1.2507418394088745,1.315639853477478
848,8474609,Luke Adam,C,CBJ,25,-1.125742868730933,2.9757590293884277,1.238965630531311,1.2876718044281006
849,8476363,Brian Ferlin,R,BOS,23,-1.4265014397265916,2.585254430770874,1.7371711730957031,1.589074730873108
850,8475733,Max Reinhart,C,CGY,23,-1.4979333227386504,5.122330665588379,4.339931964874268,2.143786907196045
851,8478376,Casey Bailey,R,OTT,24,-1.7419979137804447,4.6964240074157715,1.2506933212280273,1.2971795797348022
852,8467899,Martin Havlat,R,STL,34,-3.541323300639612,5.71386870186086,4.131091978491806,2.4751525971947648
853,8470798,Dylan Reese,D,ARI,31,-4.123985691214322,1.4486314058303833,3.242588996887207,1.767569661140442
854,8476227,Joe Whitney,R,NJD,27,-4.394220531475464,7.605952262878418,1.2515109777450562,1.297041416168213
855,8470189,David Van Der Gulik,L,LAK,32,-4.675642202240529,3.100428342819214,1.027410626411438,1.390340805053711
856,8475254,Gabriel Dumont,C,MIN,25,-4.846277108878426,3.596710681915283,2.560121774673462,1.7113964557647705
857,8476549,Daniil Tarasov,R,SJS,24,-5.363730829869933,1.6623119115829468,2.16748046875,4.141792297363281
858,8473921,Joe Piskula,D,NSH,31,-5.637022942355195,1.070784568786621,1.2557659149169922,1.2890360355377197
859,8477913,David Wolf,L,CGY,26,-8.188164684658503,1.4247121810913086,1.250707983970642,1.3101181983947754
860,8475342,Oliver Lauridsen,D,PHI,26,-10.45748255403559,2.6837613582611084,1.2448508739471436,1.2930442094802856
861,8475723,Petr Straka,R,PHI,23,-14.39517002602871,1.6583529710769653,9.297533988952637,5.100025177001953
862,8475826,Justin Shugg,R,CAR,24,-15.861773605338888,3.404224395751953,2.2655770778656006,1.0545793771743774
863,8476868,Henrik Samuelsson,C,ARI,21,-15.937815911163515,1.6825191974639893,1.2488813400268555,1.308424949645996
864,8477228,Matt Lindblad,C,BOS,25,-16.112949185729192,3.490253448486328,2.6448917388916016,1.0674299001693726
865,8476214,Brandon DeFazio,L,VAN,27,-17.783993469836293,3.630136489868164,1.9022936820983887,1.3347785472869873
866,8475159,Carl Klingberg,L,WPG,24,-20.566386778097844,3.607915163040161,1.2676745653152466,1.31798255443573
867,8470121,Matt Greene,D,LAK,32,-25.268766561996937,1.0316095235871106,1.5959503025543398,2.818671793472476
868,8476397,Keegan Lowe,D,EDM,22,-25.742509279650207,1.116089105606079,1.6171780824661255,1.518065094947815
869,8476339,Dominik Uher,C,PIT,23,-29.317755039043067,1.06039559841156,1.2512990236282349,1.2962030172348022
870,8470729,Tyson Strachan,D,MIN,31,-35.03269682392359,1.0446678719869473,1.43328573645615,1.9467949285739805
871,8475243,Ryan Bourque,C,NYR,24,-52.851987482682674,2.7499067783355713,2.0160229206085205,1.338087558746338
872,8475729,Mark Alt,D,LAK,24,-55.251987482682964,7.224720478057861,1.2528369426727295,1.293679118156433
873,8475734,Curtis Hamilton,L,EDM,24,-56.65198748268297,1.0600264072418213,1.252681851387024,1.2940516471862793
874,8475203,Jesse Blacker,D,ANA,24,-58.618654149349666,1.061556100845337,1.2528369426727295,1.293679118156433
875,8477127,Raman Hrabarenka,D,NJD,23,-59.635510078086135,1.0619251728057861,1.2522315979003906,1.2941360473632812
876,8475896,Brendan Ranford,L,DAL,23,-62.235510078086435,1.9674854278564453,1.2520766258239746,1.294508695602417
877,8476464,Duncan Siemens,D,COL,22,-65.16835189263341,1.0622942447662354,1.2516263723373413,1.2945932149887085
878,8476536,Colin Smith,C,COL,22,-73.06835189263342,1.4419071674346924,1.2514712810516357,1.2949657440185547
879,8477410,Bogdan Yakimov,C,EDM,21,-76.29678106682354,1.9114789962768555,1.2508660554885864,1.295422911643982
880,8475192,Taylor Beck,L,NYR,24,-124.52578617732343,4.542329369521722,2.478055023565525,2.089967262454149
881,8469490,Tim Jackman,R,ANA,34,-271.34663287086585,5.263262027647437,2.3955291655005477,1.705858184070122
